X0_true,X1_corr+,X2_corr-,X3_true,X4_noise,X5_noise,X6_noise,X7_corr+,X8_noise,y
7.739560485559633,16.195728224422353,-7.11007754280173,0.5633130735164247,-0.5604494688030756,-0.8812384474360504,1.5452321516965593,1.1117734864063418,-0.25563970504779554,19.30313072577274
4.388784397520523,8.823328884127651,-3.373338488738255,0.11458443702387822,0.03104720048855424,0.21744041530326128,-0.19562233080768832,0.46430220006179174,-0.35753010855453504,12.164972696876688
8.585979199113824,17.462346945892545,-6.4274335038340356,0.32994353865726456,-0.2520628154033563,-0.035824746665955476,0.25928764153490796,0.8879272158459819,-1.3677538987970592,20.781567536959773
6.973680290593639,13.918968983990931,-5.354312361451154,0.777609530278536,-0.7859766079313554,-0.10029766744340833,-1.3213640716452693,1.4287170239517202,-0.8059177786176916,18.14332154311759
0.9417734788764953,1.7983431671708885,-0.3742298928443591,-0.8094863188927663,-0.28987561547486984,-0.11432216800474763,-0.44707259186786463,-0.8898170401580057,-0.6220075239016879,3.3488095214200593
9.756223516367559,19.122705834372407,-8.647540271948497,0.8780585789081998,0.19838116062643954,0.10710503000947168,0.21053467078924676,1.53696043559356,-1.123971762429434,24.676418021478664
7.61139701990353,15.437944719285836,-5.890493522925106,-1.3730030168855392,-0.7672170685306403,0.8479587434636998,1.5860038309598667,-1.9798459305933673,0.43992396668766426,15.638079542804478
7.860643052769538,15.29551751094619,-6.470086297897899,0.3283679728315381,-0.8062818206846841,1.3777362362747443,0.22198277767627117,0.5194046591764514,1.19662786898701,19.427656174226257
1.2811363267554587,2.895065271667632,-1.314583156639154,0.17874096328632716,-1.3602434375921744,-0.0022502445041573905,1.3837203611929991,0.19693352920027013,-0.9080624323291501,5.670263727289692
4.503859378955672,9.550362260134298,-3.0807541375127014,-0.6162930881921079,0.3907250260888961,0.8153160721716332,0.6407291102029202,-1.2881501202060797,0.28344143574463715,11.963052760347832
3.7079802423258124,7.59922618827024,-2.078819487456112,-0.022685275325646737,0.5453232619670604,-0.7017669462667825,1.6274013394646858,-0.3206213656344127,-1.0341111395297102,9.930191303051233
9.267649888486018,18.392175410194188,-6.337497878028599,-0.6225401526655531,0.23166044423651747,0.765955452726233,-0.059042217305055426,-1.0184145735788925,-0.30492217093916213,20.23385791709354
6.438651200806645,13.104285191267639,-4.362036237741774,-1.0717013268617444,0.9651704927286658,-0.7619915238269903,2.390222710651804,-1.5351163424118877,-0.6903295791777758,13.78484137968976
8.227616132708299,16.30089573764339,-6.64793341514475,-0.35361474161364437,0.08786763708072752,1.0906599360881322,-0.485396202914123,-0.0981783330191876,0.6018956486064415,19.086542678471435
4.4341419882733115,9.336057539279198,-3.3356814928028435,-1.1039886353716615,0.3920109373657567,2.2106408773932396,-0.766461834197669,-1.668522121420146,-0.6787881738421783,9.52577569370481
2.272387217847769,3.629071393587976,-1.357816051207669,0.3227974640932481,0.30383742563756283,-0.12208388797139179,-1.2100528496890341,0.7852390834031714,1.0116604137066467,7.789706384456527
5.545847870158348,10.923892056257372,-4.363971526547001,-1.1500854941523635,-0.09154001941820787,-2.1925434908074086,2.3310246715580702,-1.4013335442989092,-0.24572077366219902,11.29038458766101
0.6381725610417532,0.2809391245215076,-0.432079536086476,0.7119770229910514,-0.5308218281296473,-0.548072933244823,0.8194475726178976,0.9985314951799398,-0.6496037095948308,5.464521333634129
8.27631171992582,15.805093024738037,-6.126797496814947,-1.18147906792882,2.214152615791911,1.2318751342893033,-0.33412073338030845,-1.593811538482175,-1.253305262345163,17.530297408580278
6.316643991220649,13.315219097348251,-5.088884780592079,-0.5662949155810063,-0.4519509798535085,0.5530767870252449,1.249022696873495,-0.922500785888968,0.2532045102953498,14.039817237103861
7.580877400853739,15.60934729269332,-6.5022740825071885,-0.624603408215179,-0.6658777111204364,0.24891359867502955,0.687692185117782,-0.5402643440992254,0.8952184022261802,17.767654390871737
3.545259681298684,6.730779245954973,-3.0848915845404625,1.3251467288748389,0.43400982345010697,1.008668355954839,1.9661274713755903,2.178473094792038,0.2733212565368742,11.424406006717156
9.706980243949033,18.662708759877617,-7.3852379685189815,0.33028994561659186,0.25185441529500513,0.484453439248422,-1.5478328327399113,0.1382897920183812,2.238831666414424,23.30786725133706
8.931211213221976,16.38015800752313,-7.143172995857608,-0.21173380254439425,-1.4047915476103274,1.2177251874511363,-0.26536010831425455,-0.26914330817043736,1.4297874524704182,20.19430131063346
7.783834970737619,15.295922187508921,-6.022941990469093,0.4987194410697233,1.1226782545637386,0.9194236766469855,-0.46252138394282544,1.2425128101517489,-0.3075277647170156,20.116534792027537
1.9463870785196757,5.102981663163053,-1.1550621174944267,-2.107192347329688,-0.09419457535083331,1.5217004527369589,-1.9736826764086015,-3.2151578313585425,-0.31802743380706927,4.106760905507892
4.667210037270342,9.551862210272509,-3.9586729075548397,-0.043133589640907445,-1.1109310952157205,0.35879608390625434,1.060327204779694,0.06961412456715926,0.4696967194853532,11.76569575464231
0.43803765787228777,0.5962891727198307,0.1033187718800534,1.9975141778047627,1.188784114353874,0.9052594014939547,-0.2703965558033584,3.1600349180288876,-0.8380191804256851,6.413805306346566
1.5428949206754783,3.3183299461011098,-1.007010374465346,0.13234650640267256,0.625675571596154,-0.3071270730857854,0.7396312049865622,-0.11246711014537125,1.1662883065324867,6.587072203567121
6.830489532424546,12.88049988835187,-6.205279478086524,0.0679131691693355,-1.2645419919479142,-0.6014608115590059,2.3597719343296117,0.2550821385180574,0.3616005218435837,16.631659753248012
7.447621559078171,14.746581436807524,-5.09271437255079,0.5481283796421961,1.7771828402577243,1.7067676404189733,-0.3532436918276083,0.4040420238529064,0.2564589108585328,18.632764434108957
9.6750973243421,19.39993338519207,-8.040524705727831,0.8956052433143455,0.6587973683661927,0.21620467632268803,-0.4211529826571552,1.1557206330510996,0.6869536677708163,24.329721944541767
3.2582535813815197,6.473456836852515,-3.5996600710163262,-1.9974666928898597,-0.010196115625046132,0.804880565862379,0.11866416972399602,-2.673483149086532,1.722829883369059,6.145962686743271
3.704597060348689,7.804597181542418,-3.5907038740307327,-1.6823264817910268,1.5902188056217794,0.12374001441139017,0.9872473529834096,-2.416462835594033,0.17095535218750518,7.931351284098565
4.695558112758079,9.563438838634186,-4.369073586613457,0.21029129108614655,0.15929778382964058,-0.5865156509199643,-0.5667130253101499,0.22409359430526177,-0.11304037087138435,13.183867058971533
1.894713590842857,4.123590190739712,-1.4844668814797655,-0.7148765618975097,-0.02808307510403198,0.010982892582401323,-0.6309615971321306,-0.9383765364727084,1.5087196233225784,6.12167108303225
1.2992150533547164,2.2542439655940534,-1.2036823460115154,1.3120252622199142,-0.660300116021989,1.4359940177677142,1.0571892702413659,1.9500102190033317,0.9675504159911353,7.486661666278968
4.757049262259337,9.963006228723948,-4.007738590391826,-0.3151743898852239,0.5818504393070786,0.555240074279424,0.37863932383803556,-0.46898803412228585,-0.3209798403837223,11.896883999264508
2.2690934905088413,5.352655454829678,-1.443453613117586,-1.9345307357131178,0.4766029673239799,-1.711473159730459,-2.0447282630048207,-2.704750545553636,0.005186448659020086,3.7669831461875405
6.698139946825103,12.9112051338245,-5.1545867407444605,-1.268013916843997,0.014680139889711287,-0.2152444565761547,-1.2253917994691081,-2.120231197463735,0.19538091593879858,13.966136522051613
4.371519188723307,8.299190549589335,-3.307586628592074,-2.7496760196305754,-0.789986353867603,1.782293792704712,1.5012358638272103,-4.112413107779456,0.36181294460498287,7.777703961288118
8.326781960578375,17.321456089316865,-6.415528494065485,-0.23412553728291255,0.12992985416607386,-0.21379686184995605,0.4019282830788125,-0.4448687643063647,-1.356599850939114,19.233434520761264
7.002651020022491,13.909630046697453,-5.232440015216651,-0.18838412726438336,-0.06979878576213788,-1.8004786917341806,-0.762195931037249,-0.7582572032766517,-1.5424846078015602,16.76018938843152
3.123666413820411,6.949243523674101,-3.7637051361227947,-0.42446270978189776,-1.333474318734201,1.8930488854225436,-0.17040965723498214,-0.9128307915476366,-0.8873900220024538,9.130265567785004
8.32259801395201,16.42392817195793,-6.876741362520285,1.0788790390297387,-1.4718123513241856,0.6823925098127926,0.013236672801670204,2.0887804926637576,-0.9647384430113423,20.66985303191749
8.047643574968019,16.822809938071394,-7.7462408986681,1.1985198365166936,0.5651533788097695,-0.0700128588128004,0.7357333602801638,1.9131967491506108,-0.6438240139725026,20.774976753594753
3.874783790301745,7.815310489006215,-3.0781910761627187,-0.1703884233561112,-2.601888315051689,-0.37141773608206863,-1.3582633948587894,-0.6526591254545835,0.6347106420900043,10.588340427274932
2.883281039302441,5.895676490266229,-2.30940461477656,-2.134693667476856,0.20541052696125997,1.0823519297917354,-0.8409491386704581,-3.664146813969807,-0.16892915632473834,5.212441608602339
6.824955039749755,14.432269090334461,-4.8326446669259955,0.6172815804922585,-0.4780830577538245,-0.5419834002261925,0.27295575486338886,0.8922732007052125,0.19639460501018827,18.291571007201604
1.397524836093098,2.6141644334641105,-0.405439233241806,0.5553602285085755,1.3082466068799101,1.1482564245159883,-0.09983458049545033,1.301396302715808,-1.2243034100422616,7.082383415755633
1.9990820247510832,3.527603001539687,-1.477600590849446,0.309391570156945,-0.49346820915387574,0.542195285724256,0.5718591826367099,0.40805991479411174,-0.46164220292094515,7.607318068281962
0.07362269751005512,-0.07703670899406692,-0.359114804446184,0.9814797493081158,0.659484214251896,0.24468192548734993,-1.2295073973595978,1.8643194899833784,0.5872576617448404,5.516580908646578
7.869243775021384,15.964654525364336,-6.0042983524896645,-1.16482809646104,-0.3969138412377916,0.14551480533559535,0.3571286762713211,-1.6416629134459628,0.5949524581768018,16.24179776554614
6.648508565920322,12.514137595750386,-5.635557435130846,2.008755386185139,0.11374815348614345,-0.17496803671417813,1.0915836193774722,3.154508216631476,-0.7245738281879079,19.30628707056551
7.051653786263351,14.422043023852263,-5.642158619876691,-0.959427753141868,0.7368365309200512,1.0456401202092658,0.4868185471492834,-1.8398577825041729,0.1616623863795536,15.84733442728093
7.807290310219679,15.345194961630487,-5.654150457999283,0.7492229272008546,-0.46255571632458015,-0.8653428321018342,0.13911173976159188,1.4050912673262093,2.198847853482332,19.28113748784368
4.5891577553833995,9.752221841133581,-4.005989011900374,-1.6873476944133516,0.996554884498404,-1.6219251268302093,-0.09588360256597088,-2.6315011528021097,-0.017597929255638137,9.797651240055636
5.687411959528937,10.17769376660764,-4.06652238407765,-0.9302646872700508,-0.9936978771064832,0.6144401228924746,-0.8348511527715018,-1.1364692948218038,-0.6931869461424454,12.426135641258858
1.3979699812765745,2.4026570750010645,-0.7119351638058782,1.5163686467253361,0.2945928425583791,0.6312383280671477,-0.07199859243978847,2.0303019754921703,-0.17376238936216024,8.41577159177828
1.1453007353597344,1.4473673951024177,-1.4891156785662805,-0.2608998230008499,0.9226397227878528,0.4802411525117667,1.259705852880406,-0.3382349302483011,0.09217710752683304,5.428169120282647
6.6840296179047165,12.954944502627457,-4.762887217393333,0.8399226051327979,0.6600374917903349,0.4077283696180388,-0.11902850660012523,1.3654847938804864,-0.1511683806905494,17.764109844072795
4.710962061431325,9.545757073417121,-3.349629841922157,0.2369553887192461,1.9164448767354103,-0.32054037833754784,-0.8898039893484101,0.30922308810610916,-0.03135470067650179,11.850958298409047
5.652361064811888,11.2151088168989,-4.460733319425916,-0.10495815600017268,-0.7634393173106605,0.7874827043855253,-0.4922470887653863,-0.03607367607441202,-1.4434467969368396,13.6638881350405
7.649988574160256,15.173288363846504,-6.577384934144796,1.3638503249326897,-1.379149251348588,-0.04555812675454088,0.20085029727593015,1.9658563648412817,-0.9626304750859512,20.628107637326124
6.347183200005908,12.614773964321786,-5.593270171150069,-0.23665882465190033,-0.9943351084951194,-0.4871135608151781,-0.37351399718084694,-0.5497061628902343,-0.14933523707149754,15.349977484790148
5.535794006579958,11.173282133469888,-4.75123275140578,-1.7807381075634705,0.660442566548437,-0.3118913122553999,0.4853032830631407,-2.1894621465070165,-0.1652679700224367,10.053479542968466
5.592071607454136,10.679875193936718,-4.148100607988132,-0.8032400919517051,0.4979229342693786,2.020639698775832,0.5228437607490304,-0.890174278019125,-0.5661892748600006,13.600698268914835
3.039500980626122,6.4324267817017695,-3.0049758849417363,0.5511917287016942,0.10225665964741577,-1.7349760820454327,0.8889831804046482,0.5985281695380882,-0.17701358607643694,9.974117807431702
0.30817834567939406,0.9476896765515301,0.015964672628406673,0.39550910636250813,-1.12295704910713,0.49978810429579884,1.4235594722650329,0.763796951222146,0.06101485541420536,3.8000830189025283
4.367173892323624,8.926866753475299,-4.238792431185935,-1.5670582502354382,0.7668672933290608,-1.6791104276237172,0.9958587243723608,-2.5733910317635034,0.8894134565245253,9.881238208077423
2.145846728195292,4.569960177766216,-1.8391185332195432,-0.724342519408201,-1.2247047776505404,-0.10823333832297323,-0.9342390641479599,-1.4419191722109987,-0.09921173522605088,5.866409670824833
4.085286437246362,8.318781874897054,-3.2024404970526845,-0.5817213492022466,1.1589495823768998,-0.4336274851541877,-0.9035344465762722,-0.562439191383677,0.3991032052982532,9.953764791887247
8.53403073268166,18.085598116728853,-5.3601464991099785,-0.365469594114225,2.857438423139865,-2.085028296679878,-0.07577147645982442,-1.0594342788655593,-0.541600301433921,19.699033399699
2.3393948586534075,4.63524263178056,-2.6979052802349464,-1.3759135886015514,0.3664511465715505,0.389037590433763,-0.4511753572394145,-1.7858136088293648,0.5720957235984819,6.505438564025635
0.5830274168906602,1.012513224614032,0.41678680638155186,-0.6283711081194786,0.5831081356577431,-0.3800380621921959,-1.1383267269609427,-1.0183733559511354,0.3757302976123567,4.035291760588546
2.8138389202199656,5.250914050261242,-2.1611656877836047,-0.7286104852595274,-0.4928597688955594,-2.099206342561244,-0.44169179417299426,-1.1563797088134498,0.8658170031798195,7.714617862002693
2.935937577666836,5.355743820044754,-2.102046911323891,0.7715332597619193,-1.8102133210868163,0.8395680907742521,-0.474512933619039,1.2802252555298659,0.7134604624444878,10.26036787440171
6.6191651472689506,12.616094400737364,-5.224323369782238,0.8091213109902438,-0.6027193630302223,1.435006177988935,-0.6718477397612058,1.3880416100836415,0.5887356228811461,17.847761727065684
5.570321523412783,10.696244390210108,-4.189421127813087,-0.145810458088816,-1.0928952410987494,1.490124342296572,-0.3157894861550056,-0.46661864018189647,-0.09841740865778026,13.293435522007668
7.8389820910641355,15.642623991302235,-6.36339673546852,-0.3920397958707315,-1.4470045764150157,0.35895644065147114,1.178450850318331,-0.3727420111810782,0.24493922704446816,18.411978656898164
6.643135403273876,13.453418370796609,-4.442078213744626,0.1399243120391134,1.7223599419956492,0.04605813857711549,0.19923804124923924,0.24389762946623714,1.0635089284515264,16.129120540534657
4.063868614400706,8.153308258077493,-3.524977578055398,-0.8165751074555749,0.272862518025773,1.328156620895797,2.4718090760554694,-1.601679099043774,-0.6520745694027944,10.062113601016339
8.140203846660347,15.897640054605837,-5.8328223340207295,-1.146832082167441,0.37968758061398367,1.6823835853400984,0.17050818601964934,-1.7712104683250833,-0.6284077786968656,17.446425756265864
1.669729199077039,3.78955068016406,-1.722403631389445,-0.9402212089257169,-0.30902236519624954,1.133568702875625,-0.29006577393725175,-0.9959481087208977,0.18143139795036198,5.17973074832261
0.22712073133860478,0.8239477988276833,-0.21784769291165598,-0.6348131639714567,-0.17287108244343635,-0.9415376022298011,0.004132882654866092,-0.44924130648347615,0.41527969026545347,2.561073449223255
0.9004786077564175,1.7211330618018266,-1.3635604175792655,-1.163473799792271,0.9645506822393334,0.2013448532149219,0.25649197844354,-1.5300061624058032,-0.8241064992640045,1.5192313804137783
7.223593505964503,14.12072893959665,-5.505860572563091,0.16205955906287475,-0.03233711869521544,0.4395161442914286,0.43525395717106363,-0.11401370785619885,-0.07476256341330836,17.77972220637591
4.618772302513873,9.511758565442646,-2.8279422678551787,0.7297156737837084,0.5306939380247327,-1.8096169689172292,2.0767113258590237,1.241755581412329,-0.09399877422878479,13.653194591852941
1.612717790336018,3.319422374415088,-1.3365879401613268,-1.5870983007982418,-0.19600429784501586,0.4693606596207741,-0.8453204649775686,-2.1253891800396048,-2.2152801156034707,4.0677523036439
5.010447751033635,9.296831872359746,-4.126489620049254,0.02512871121603335,-0.3421528907320472,2.272991825979389,0.8590460581777356,0.2554054618196666,-0.21959398925875973,13.00729559578703
1.5231210271316842,3.012251926271166,-1.8872669995461036,-0.21993579526633558,-1.406914165601862,0.6399361658007914,0.20775059761412384,-0.09441740629312795,-0.1573178328484663,6.5374192073290684
6.96320375077736,14.05742540759191,-5.708138592753273,0.3415086855368029,-1.977749062367128,1.4734130814417563,-1.5710977425706176,0.6212419520794635,-0.16029294282301915,17.594357094420758
4.461562755740307,8.473278118236736,-4.524926760425162,-0.012938768103588062,-0.2615619010664018,0.18291473012870507,0.7706987820947633,-0.041131853804545204,1.4159142745772682,12.122554009421785
3.810212260964825,7.715346218348371,-3.5958966008031563,-1.4535992799316308,0.05649669199323269,-0.07321832398382148,1.2676235608039048,-2.362909168668652,-1.2157982985088753,8.962271549057489
3.015120891478765,5.302830540328635,-2.276025085517531,-1.2623892988571654,-1.286130036708791,0.3812713900809755,-0.8571764037774298,-2.462964603836197,-0.8246225712046127,7.317954334520081
6.302825931188885,13.273744912383854,-4.25085282630627,0.029423575584972723,-0.03447486503463288,-0.8158266479844326,-0.008933867891970693,0.14602789339146433,-2.612195798319334,15.200778349048125
3.6181261055339045,7.860227203597525,-1.208974367689422,1.0287809197455093,0.053752562990502024,-0.9637751872343886,-1.7253542620077036,1.5989872327139205,-0.4809166661741407,10.560254883796262
0.87649919316101,1.6267397191705375,-1.0531504055713483,-2.214187371043003,-2.156008006059379,1.2663045571693656,-1.2588064596843365,-3.154008303717059,-0.39564355412600094,1.1931568787484748
1.1800590212051532,2.541845211329843,-0.08286712297685861,0.34572657980157995,-0.9151246594795012,1.3723423428665182,1.0480295776172526,0.11732676171450163,-0.5099771763342562,6.259180675053234
9.618976645495145,18.032992308090353,-7.548929828155128,1.1896220052876432,0.4072638937354685,-0.9911063155873504,-0.4664165060074345,1.9779380147259829,1.10767733948376,23.845838133212855
9.085806907076071,17.593439984019476,-7.3593941137086825,-0.1530258762062131,0.3870587293957439,0.9679988045538644,-1.1088029749380393,0.38682471407691343,0.8606175223369632,21.34266418598369
6.997071338107496,13.847253216138927,-5.3381003994503065,0.5502024960264408,-1.1536749163997606,-0.08695997560602091,0.22946036445842968,0.8488387832730345,0.07785672426730414,17.89381050821479
2.6586996145951955,4.781332718476961,-2.089809801468181,-0.7030690808978022,0.15844805049973495,0.33980857449043056,-0.5224124314310232,-1.0731032171086654,-0.37061305353986224,7.90682864297478
9.69176377347724,19.74072578826981,-7.687173583414461,-0.11936619927687682,1.0224072253604721,0.4602186394350634,-0.4708216577755361,-0.08634859208960495,1.0261896681068639,22.056869894478833
7.787509039657946,16.57366634468989,-6.475007129422359,-1.6209135183081516,0.7770729589908982,0.9943504681243184,0.7393260256749032,-1.8216691700491259,-0.01975785983585163,16.37745521513751
7.168901891589956,13.74949642346526,-6.573987309151275,-2.344343308418874,-0.09528578701393456,0.08271820186318887,-1.1617333589343466,-3.823609291138278,-0.8182700389184578,14.07423135281928
4.493615021437886,8.568498340833177,-4.521067138663558,0.9427658012252752,-0.4679763133242924,1.410161995301936,-0.9053652126818322,1.4751107818560842,-1.7162486774845516,14.152179681029281
2.72241561845159,5.562555421058145,-1.785985564792536,-0.9849949277244419,-0.6293444843345044,0.30941283975992473,0.15407999214886864,-1.717389618275956,-0.44131449389568267,6.114020192149378
0.9639096215349929,2.733377317319796,-0.9371477512794224,-0.4555278450034305,0.4678197829096571,0.6241842724695326,0.9694097907482053,-0.8473931837586443,0.7546436171726086,4.015323338288262
9.026023965438416,17.44086077460688,-7.578472512144433,-1.3864422532701932,0.19510397314288802,-0.8332625915372465,1.2381603014898497,-2.094540472269872,2.2765386895430897,19.396642603665793
4.557762898336111,9.240043857825693,-3.6411069426349965,-1.4099697030838758,0.6294040061022004,2.158659010704834,-0.665061720361623,-1.710757582141746,0.06161034618947592,10.773519481935733
2.023633647952303,4.957916721311161,-1.141947566612466,-0.17383770009461635,0.13187381312115198,0.4698249232049664,0.9373769669196479,0.2795406300646964,-0.7653555151203043,6.906546502083722
3.0595662415065252,5.293252908923417,-2.3394346273893816,-0.7295771941356465,0.8187639503474419,0.7129974253450992,-0.7841422934704089,-0.9599231478154577,-1.184965208284214,7.878414609598838
5.79219568941896,10.943856775415004,-5.027389513519748,0.37797099799469847,0.09459253295770016,-1.6081858112115415,1.8262093469068,0.4539780800850022,0.5519548963055988,15.529907060167188
1.767727829392317,3.323652355554215,-0.6784064901244838,0.4525384189795919,0.7846887161316864,-0.822702023079101,-1.1337710254197284,1.4266292884609433,-1.7646160523842684,7.648614624869864
8.566142840923755,16.871991475419804,-5.905402970950025,0.32084964632460716,0.8708227703666389,1.2378836879187305,1.328478810791731,0.35300812508805474,0.5503451014048882,20.433729312000768
7.585195298352101,15.576691240581024,-5.771422245487969,0.2386007909284437,-0.8045266302248135,0.2868911182926047,-0.6564861068187239,0.18656041208474436,0.8177116062629123,18.69344543918564
7.194629559509368,14.510088978929154,-5.17150554080104,1.5777682049318862,-1.808144046870746,-1.913779734828926,2.0132464547946003,1.8341693940242112,0.43627945323286405,20.34617505762255
4.320930397751037,7.75437976568101,-2.7115683201125433,-1.067593769044886,1.5434928560145533,1.038289928983819,0.5913207288524843,-1.182563182793906,-0.21966167193855743,10.985699638571973
6.2730884070244315,12.80388201549927,-4.340411135776837,-0.05493486620291775,0.2566587307122617,-0.5437828043527234,-1.016016529408222,0.2080713784070116,0.5649406535468146,15.835076994362131
5.840979689127356,11.393189934576887,-4.30432424503431,1.1326898205195888,-1.7144858954961215,1.411316985876712,-0.5222384795425068,2.424376391614317,0.17093837112829996,16.40306355736689
6.4984660155482,13.63415563956702,-4.83976458419363,1.2645398093380364,-0.7138194972187111,-0.08783567860369966,0.7811812052237417,1.4799527083416169,-0.7781238418605918,17.866704157084502
0.8444432113988909,1.3750926545793218,-0.36375822511121114,-1.4217636493445729,0.7718742923698284,0.20470668602052994,1.0526444176155614,-1.6951942317731263,1.8504123223750257,2.834939227377734
4.1580740217060965,7.997840401861075,-3.9848618220931034,-0.3123554416558699,-0.279676831132893,1.1789545785916484,-0.07071559172446261,-0.4474925069739667,-0.3516793796105163,10.789778459688662
0.4161417386189248,1.1028492826401153,0.08752050322061161,1.3581210958672605,-0.5120614193191271,-0.8974929708546623,0.044658280963466405,2.2790117088409314,0.7757523004499094,5.964285370549934
4.9399081924451895,10.261279626058847,-4.765414936632085,0.5080791051990653,1.4008818603129667,-0.9928468078339396,0.7583530326440655,0.2677855154672566,-2.4186142826957147,13.11299691042354
3.298612123327853,6.821273928623808,-3.1156493717373155,0.19526303147977275,-1.0472871463838105,-0.19649842039810733,0.13179842701081995,0.7333190940192482,1.276470882780929,10.538647392120945
1.445241888660469,2.047685118628534,-0.3740544702435228,-0.21768469343465674,-0.7981533577548339,0.8271727996212221,-1.2935048593383758,-0.09057201475243598,1.4687637446545818,4.993864373594613
1.0340296772255164,2.3370765744151583,-0.3230916441638947,-0.38380092570774543,0.21138647504826755,-1.3308772526134907,-0.8129740246401806,-0.5873743989974833,0.029833787126638218,4.276302085662908
5.87644572177712,11.235737417717042,-3.808717603610179,0.2882190630903242,0.39045493205388226,-1.6680345998890966,0.23511994315166507,0.6258624009338227,0.5587710347377585,15.234016668615633
1.705929685368861,3.529497426531854,-1.5277483785074641,-0.25237412498448336,0.4963430343407315,0.8237209270437923,1.2154824164976936,-0.6082097777893998,0.5585151816075627,7.028791623205317
9.251201183767972,17.790535149836412,-8.092310251780438,-0.04257862104444418,0.9112380445689469,-0.6029783125670037,1.6159824241620477,-0.2376999572411761,-0.6427835696407243,21.227192943543113
5.8106113970039495,11.844383867779431,-4.792751435845365,0.07859870611503737,0.19857862068151685,-0.3922260129202831,0.7795294207714503,-0.021135324915062814,0.5471223054393403,14.406112946200258
3.4686980453483707,6.534096638543055,-2.7137396579343522,-0.6780715284934992,0.48938393893840915,-1.8568104019401659,0.28729076103636375,-1.5729256512473322,-0.8086304698725554,8.644880339289594
5.9091549148141675,11.176992504498074,-4.679930702047328,0.5321293738814383,-0.2592092593150832,-0.6789793143519821,0.748813885982477,1.0567216090831677,-0.6087569236453261,16.44595247425615
0.22803871029697498,0.8129874888351497,0.49777731901644096,2.9142446484154196,0.06269830323671424,-0.007567296631150636,-0.6667508502068556,4.7288450568778995,1.1269431432122987,6.421270896464069
9.585592132414453,19.292006525667283,-7.88523596093363,-1.7769866393260751,0.10753418005363442,0.9303778576228922,-0.15323096025821417,-2.875883203918265,0.9746576907002027,19.0043352997655
4.823034369429003,9.339080338161557,-3.6472068124614476,0.3240125241899799,0.21509813581903608,-0.7712301662346388,-0.8241307213394766,0.5904796910684155,-0.7063755021157926,14.49773187972275
7.827352272502862,16.380293969516256,-6.855058107663054,-0.7601900886189056,0.7725398075827608,1.6573761202324966,-1.2487426107077115,-1.2199472753171292,-0.7335763435010406,17.809860448823184
0.8272999992243857,1.4342737876639002,-0.3916496325532208,0.57740257751925,0.555145681944831,-0.6845560241798007,0.33354901163620493,0.964586054903184,-0.6455966024576721,4.967711390058037
4.866583308381603,9.749220453748674,-3.8914015165939007,0.04655747332786092,0.0442170029001831,-0.6830918015851747,0.1855133065847436,-0.11843696237151738,0.7326395664654908,12.782043835667611
4.907069943545209,9.948596610929718,-4.375543957806878,0.7618547740424635,-0.8091259849410398,1.5373575518978022,0.6876524845090128,0.8777546142374044,-0.9999847808103971,13.990649331188044
9.37826454974983,18.446696132435353,-7.644109257104775,1.1755065765087795,0.06767125806270954,0.21146015236391716,0.5461118308924472,2.078882330570292,0.3567126390359526,23.942851587215632
5.717280523760754,11.670129194221472,-4.684329866917736,0.19242111776818133,-0.028017784895743934,-0.5520247290115766,0.24264427132386202,0.2694705011149242,0.7468468106342946,15.642943725585061
4.734894010569538,9.203061847556713,-3.950008286057888,1.1320522884141782,0.19318157981319836,-0.15513313118059344,0.5566166656775543,2.30471111787731,-0.08824545029310012,14.36214229439995
2.669756630918936,5.133694100729767,-1.0730005593745386,-2.3442978937886774,2.206525307140402,1.3530735775420593,-0.04268309622747663,-3.502553851244774,1.0100636968649277,4.5531722696483765
3.315689973425522,7.312701266752715,-2.711619580125145,1.5904522979160232,-0.5237727785412354,1.4662028196256818,0.4128913952224006,2.107855034768887,-0.30431016948979245,12.410600614774182
5.206724024715378,9.893155023174538,-4.311716885878705,0.3750621518923401,0.42228901912535954,-0.816793179270256,-0.7261444026863596,0.9306754907692918,-0.2138556009939144,13.626914928837834
4.389114603050467,7.571839040636188,-4.769762257006459,1.0778433557451819,1.0684620672442982,-0.042433810079108215,0.3697059256391301,1.8060050828615788,-0.9772462311318565,12.87832549172419
0.21612079880330426,1.2377100951125557,-0.7094210502303298,-1.2198757448415216,0.09800191409938289,0.09015682766757308,0.6684176852860094,-1.6117517581533551,1.0171773476202053,0.7224735443661037
8.262919241943578,17.800502460190657,-6.768179448228675,-0.8307698816053357,2.337845119172165,-0.9862401105165975,-0.6696814280722031,-0.8889746187476282,-0.7665204469788703,17.497119464228955
8.961607718397667,17.720580804070668,-7.5807977804241204,0.14593829414477413,-0.3780392917314767,-0.05568505264999431,0.05183209899284673,0.02306855306342287,0.3497718177150592,20.69390029995036
1.4024908899861077,1.8365627596621228,-0.29296815596220804,-0.017037889337463016,0.32408922232004705,0.005322860451700487,-0.6236025096293596,-0.06373282670178079,-0.07131606712593476,5.190530062115585
5.540361435390494,10.925480882683017,-4.531251813550126,0.2830685880099896,-0.798805744892982,1.1402094789367356,-0.5265066965161149,0.3731679325686464,-1.0527830631116626,14.66194401648333
1.0857574113544355,2.0284033477885366,-0.09553937949259694,1.0845151609299661,-0.35152473514329313,1.207425028311201,-1.1249293551021546,1.2395487803202638,-0.6091031438233208,6.198586651191802
6.722400930398117,13.349839940285106,-5.340897963888273,-1.7652203153028492,0.2489339103966579,-0.32920939835900803,1.2657749251665555,-2.726907518001747,1.382872239040734,12.225138236829586
2.812337838390083,5.067981655819242,-2.2275335688591205,0.9738190717173091,0.8463040623077297,-0.21395314386081168,1.0656851747200478,1.8616424449390108,0.20165754263448052,9.563448397061398
6.594226346919018,13.478233265076275,-5.328658946162715,0.008281909957927018,0.3190948340235742,0.6642923020556356,0.5374338542273371,0.08362429607504462,-1.009150341366842,15.964945734914219
7.269946142868826,14.802145973380695,-5.813679163322186,-0.20378186112454774,1.259114849334736,-0.5851884489270115,1.972195951943814,-0.7094911900403179,0.30532828734869183,16.931494750114847
7.68647491917657,14.625747028443486,-5.11790293351134,-1.4711152343848903,-0.09496531059267174,0.5886401517374027,-0.18924569656839169,-2.673424675076816,-0.1461140315945451,16.9260393264304
1.0774094595589656,2.504417284965375,-2.2536940036979036,0.503048668376865,-0.33216852983900536,-0.08790648736921473,3.0317624151106344,1.2540058201897788,3.4540464022441815,5.602620642038653
9.160118451376078,19.3465793937251,-8.52902220776407,-2.414107851031037,2.7039851072793866,-0.9693985777386207,-0.22752941536322038,-3.6482574796230947,0.2851238413422724,18.139536857805197
2.302139908948808,4.690259984116146,-2.167614425792715,0.6483940112387127,0.39423764944203077,-0.9568367128796466,0.25519335175601643,0.7783679551475837,-0.3806248470663645,8.567379534915254
0.3741255617617978,0.5795885424893426,-0.2905837202468969,-1.492105835472992,-0.7194815459785476,1.447058696031102,-0.39777791394020817,-2.320356282678589,1.4200279177871042,1.4889400074778083
5.548524693914834,11.026047780625907,-4.02475710027346,0.053457912617474034,-0.6942637622480688,-0.1564214791432986,0.372325560060305,-0.3630054573689886,-1.8410361672928455,13.75954611233186
3.7092228386243873,7.726074060733056,-2.683525952083025,-0.11916883732792043,-0.9426799145313405,1.640354093898311,0.8356149278862445,0.24817528886160528,0.09432015638109745,10.21030109546651
8.297897431324131,15.730459059894653,-6.868865492787648,1.1695381472938837,0.9365693558567879,-0.5136362607149101,-0.11391639305308393,1.6363913396650167,1.9944284946810726,20.967554020140376
8.082514720643019,16.247224792774688,-5.854585560569358,-0.17865516901389017,-0.36437729289324183,0.2912052011314934,1.7767198471176207,0.14223770480069137,-0.11619928435975406,18.982058844892485
3.1713889282271532,6.147545881722902,-1.9189939006900842,-0.6941385611456656,0.12736247565648562,2.3926767230182415,0.23914928463346072,-1.0257123273843038,-1.7333010446480788,8.183445198423964
9.52899395069745,19.98190040787292,-7.51276046179502,-0.506602695971203,-0.06350867443826871,-1.0573867446632792,0.2704853861101991,-0.3310444515862726,-0.39591796441059773,20.825769890842295
2.909178381401186,5.731270395899893,-1.7497481616288444,1.2728827687546636,0.7314924079409346,-1.8978144998997766,-0.9089976945137175,1.986332502844921,1.4545180409590368,11.223628085784666
5.150571292317146,11.13508639019405,-3.95686987579444,0.5362969691808936,-0.8467440928840201,1.2865901312872332,0.4184990745503845,1.0604152526320632,0.37606959632077114,14.319008278416344
2.5596509056760275,4.567431462461052,-2.384610540610552,-0.3856299815231613,-1.0755722861430155,-0.8268091053930736,-0.1340272208093656,-0.362717058458241,-0.8388561095125178,7.31682547199619
9.360435700489633,19.014500984380664,-7.069658456991704,-0.23644641996451343,0.22429730718159427,-0.020706364106233777,-0.6082397293372869,-0.16768231007117892,-0.685242807179024,21.43894829455015
1.6460781758201815,3.4518564835359773,-1.2504946671089385,-1.567177090585447,0.600959284699897,-0.5859182104515849,-0.7764744081483639,-2.246385292723357,-0.5597002711498134,3.899479455011211
0.4491061939232899,0.46368876391418856,-0.35848104708593975,0.388474200851541,0.33253231309764075,0.2681627809553161,2.671763379756685,0.512856086442636,0.36119788405399617,4.0471282204922545
4.350970600030379,8.79063925737923,-2.597004336710559,-1.7598157076954657,-0.8094537290973276,-0.9505362071857422,-0.2634772501790354,-2.0650931540713406,1.3381961329386531,9.09746575302814
9.92375564055837,20.45377069953254,-9.409527789570749,0.7517964658354561,0.6774848420913938,-0.1799400878833061,-1.4569854207812678,0.8556136032244139,1.052423012799171,23.664700102466238
8.916772662549139,17.67164947295498,-7.984028632135053,0.12862159249126584,-0.7438609270956342,0.4498153265565342,-0.6982214597325725,0.19422468143984667,0.45601218210912847,20.55401079602513
7.486080194569492,14.126179064554103,-6.701106411480216,2.3869517995739225,-0.5215386447863833,-1.008308886274262,-0.051567839476213594,3.5848934619231625,-1.3316447600574832,20.741204423366604
8.90792490878525,17.807068404331776,-7.344296315569483,-1.1001355537243058,-0.9439535247220022,-0.7000840296458889,0.546667032616485,-1.5294711045834024,-1.3279325139934413,18.986342810214726
8.934466396978632,17.41772124656101,-7.300338019442524,-0.10266209104063294,1.3011583486520308,-0.3473828335985318,0.5547965217253135,-0.28283493032929974,0.5332520212137634,20.998424987188177
5.18858360386449,10.20599673839704,-5.055262271755421,1.7982877009230627,0.6334215410273492,-1.4288154342262782,0.6766145517765254,2.79185544306147,-1.3454710979328943,15.727269082424144
3.1592905183079303,6.2777871517733,-3.1185272340328405,1.1913896402914144,0.6049933756788733,-0.4225609827987464,-0.6448603066373296,1.7364316848762316,-0.22556702106860427,12.366019843131967
7.72012432110988,14.587422534212003,-6.692604464002046,-0.6962120515798997,1.2472114211424503,0.11879653990290184,0.34044044350154545,-1.5189038326012194,0.304150446186177,17.838773391676277
6.616612631677611,12.425396093694882,-3.8188356500965535,0.22396742837344774,2.8126492482387233,-0.39954894158842846,-0.8760594641105784,0.33881682843722555,-1.1375939953626888,17.221341472245633
3.7365772887371005,7.714187995236964,-1.9082166623413928,0.001999356415087233,-1.7092261039101555,-0.27137649293172456,-0.6196429830140117,-0.32717056528641464,-1.0242623343588635,10.873775118133711
0.9446666806151527,1.6279740131454652,-1.0027829951029117,0.2819558673941572,-0.7383765808771081,-0.019901670906585355,-0.9177089745002595,-0.09738192764343445,-0.09412106456781866,6.238699649790827
7.46789611349026,13.653420056070237,-6.192466864976288,-0.6986804359848298,-0.6161750841745238,-0.655743462432314,-1.1883888545982695,-1.006958657770429,0.5036502875240538,16.494270581267006
2.624605159228647,5.641632336761361,-2.7892065256958944,-0.08932040270073452,-0.8508196223826928,0.6910625658668772,1.0642094888580087,0.012384398554768139,1.0615187704137568,6.834861021576882
9.368131505337793,18.872447888312706,-8.639383452205395,-1.5980523752767137,-1.0775832476037126,1.4359781248017758,0.6886117009788877,-2.2390691502836977,0.6070534347705518,19.116121643584073
2.4097057500568475,4.462474088095453,-1.9978927118905925,0.13512345186808206,-0.2996530640553656,-0.46438039219544847,0.9766653699781299,0.37283638990803136,0.07365659499219453,8.301205965689588
1.2275793241148603,1.7967435427005998,-1.5807746492383035,0.45002067342183205,-1.216603715289405,0.4851982314777071,0.03931306602429631,0.09525430385056499,-0.7461947535570493,6.205948144236458
8.311126721249062,17.040157390655292,-6.6998116959964555,-0.227419412643884,0.3350423675374132,-0.23961715543464693,0.7768076988651466,-0.7494341973380668,-1.0709069958445192,19.41886062901619
1.5328431662449404,3.2403616437700955,-2.186398042422039,-1.6150508905847878,0.051698321428614635,0.3654873450385047,-1.761289404642545,-1.8305199048330802,-0.5108770883291476,4.303564997947635
1.7926830815773909,4.776667304496819,-1.8913311402480675,0.9885318628514624,0.4810286647636553,1.5657795312032543,0.8630875180453551,1.1686351662540828,0.40993558498056715,8.259192744663226
5.993827915208435,12.197750129779338,-4.70588607498505,0.3645250379928023,0.5077284516382525,0.5086595430180988,0.1771198300050302,0.7300398663302101,0.33662370662734287,15.933899851201584
8.745620408374645,17.685092387380298,-6.776770568029354,-0.7260150977009768,0.6030068534266765,-1.7734145388096807,0.6271096001491656,-1.295103933051219,-2.0999019857251224,18.932436799271443
1.9643466571457324,3.845229349237182,-1.3209941504713774,-0.28060044683806395,-0.3734089368238823,0.4539956314469589,0.38002329904861315,-0.3969988484768266,-0.785677028267503,5.960095799426351
3.1032367290009475,6.6148613916022905,-3.2748827736949804,-1.5006694027818388,2.1211434026336673,1.2328637433090093,-0.9870551545368866,-2.4409803648548367,1.2045075516061559,7.762526315341381
7.774048382411776,15.860639365447629,-5.706427267848084,-1.0254101277779044,0.23443111648209775,-0.2215961699981027,-1.4980397753910466,-1.369652845280963,0.07921504780413943,17.060432340730227
9.718264260609674,20.062391025501945,-8.25473842644885,-0.5378113463571395,-1.862484752624795,0.9956348061178324,-0.7120541661829632,-0.7656847843406994,-1.417008913102986,21.31819690996057
5.007411862023423,9.754162264728203,-3.626214740854355,1.2284208122801512,-1.0023757457662175,-0.690115541151946,0.5649172812729122,1.7081442863269567,2.3558211815981513,14.546757695693513
1.4389750255125078,2.660246314553034,-1.1575632263809221,-0.6395033908874757,-1.7405029890278156,-1.4855391595222738,0.6900914151753954,-1.2743067222354265,-0.028941732314764643,4.5941334038746735
0.13936287708201545,0.03917416870804083,-0.9373228011123811,0.6402136593287587,0.01733462915130733,0.14116901883264016,-1.3679422773818628,1.0406527482408914,0.38433395931340797,3.8845667326342483
2.2965602999885526,4.9885214605665995,-2.0269668627395547,-0.5383162028615798,-0.12180522405333363,-1.7564767207463141,-0.9810993674682146,-1.1712899440051467,0.3995247560451345,6.144072394382905
1.3182221778652103,3.3856315758787865,-0.8353594970539078,0.24794756085187486,-0.4684256978994578,-0.23977101289359176,-0.7232356859408393,0.5001656539140639,-0.36759546616018607,5.258155495897979
6.776586736128575,13.3237532256825,-5.053490160618101,-0.14139550214380217,2.010926112400514,1.286842262645503,-0.3573050602668157,0.5758522194953667,-0.7275736818213943,16.243578030214238
1.2183250462853112,2.2242632286740767,-1.0592527754949002,0.8730566000927434,0.5489828740769108,-1.9097629057462808,-1.3620508308526522,1.7146359155177187,2.1216749850659404,6.449772057549538
5.06329931620633,10.28363724434756,-3.1315721186044323,-0.5348113382185579,0.7260983614463344,-1.2794967959138979,-1.4220517661401326,-0.5867126412595879,1.0032058696177506,12.877961267806471
6.9426243564288646,13.762367962851279,-4.949593022551157,-1.572528250002441,-0.9310734879421032,-1.0320322451615775,-0.8218352964075539,-2.3844745643260055,0.8219372011086765,14.672994664487527
5.811166092209024,12.098359010987991,-4.802925343607071,-1.3819490313636327,-0.9991448913310123,-0.06331985971095996,0.08625383622500567,-2.654549335146507,0.5762891917182107,12.68206747741159
1.9977565166005762,2.869624387891629,-1.1481321259982944,-0.5318774939427574,0.03680549909695475,-0.36571678564620924,-1.1805943397534906,-1.1945021596841914,-1.0033173903616845,5.826136588509792
8.041245261822628,15.669138000186807,-5.272720118345191,-1.2490599706780527,0.17300713965222583,1.3991363816960873,-0.11580350997176611,-1.4887520991862653,1.2775301917402737,17.14838635973819
7.154071296158016,13.91693442533531,-4.5469662764565975,0.4102120156795513,-1.856311567114457,0.9543483290916974,1.0585528161418154,0.37839119948189304,-0.8431326580117493,18.103961167651075
7.389840039155418,13.619502072117763,-6.648671959817833,-0.4657681648580778,-0.18030702284953407,0.49527294606859795,-1.30177973741351,-0.9084278767363307,0.2832867981506457,17.439125700880055
1.3105775155731325,2.139335808961863,-1.6043818791527964,2.3746065500264315,0.014072082873504806,0.14563031434388482,-0.20644575841053947,3.5122146823344407,-1.6393899054645689,9.136118942926728
1.237538036503446,2.017498015083929,-0.09907915716244631,-1.737714595137132,-0.21514916577112894,0.3932297769848273,1.0247567337507726,-2.9251857703596644,-2.0408588506475196,3.408066069963299
9.275625510065076,18.450698692870738,-8.055469038554644,0.20363317870980122,-0.8133904123466764,-0.861982355313375,-0.4182683903638093,-0.06258085230078908,0.3182912026531147,21.860695442648826
3.9757819382494066,8.508046822328945,-3.974150230574533,-1.127953023505669,-0.53953518192114,0.8572103535566122,-0.5736696908584189,-1.70707175709293,-0.8090992671949081,9.656057900499151
3.0094869178093973,5.896443510023444,-2.699306012666946,-0.4934013403826786,-0.17685919357279603,-1.112044254359201,1.1634958143064738,-1.0075608469756288,-1.9891675712972732,8.033945720750202
4.885840453515334,9.25627404689509,-3.6565363371275157,0.14141947334054417,0.09080002361004777,0.8353769939022309,-0.30620207897154783,-0.010176363922852205,0.5406095029470755,12.077515933757164
6.628642127635825,13.228806984664885,-5.364351726075318,-2.325371374874287,0.604791582550568,1.186142502118831,1.1044950252055679,-3.722414370155532,2.120080771050789,12.90340668696948
9.5562325704697,19.637051951660073,-8.035324228619116,0.23682611678802748,1.0808562049508712,0.2108646020880872,0.4289653911271988,0.5119472393323818,1.3895602585800617,22.830366347694753
2.8644622688205503,5.240945129583649,-2.696097292091146,1.9029074622741677,-0.2943477235272498,-0.17621305896197587,-0.34284465290983673,2.784723486262644,-0.2573178852656725,11.870959396956138
9.248084293120272,18.04088114427982,-7.825869673143843,-0.45343829836859284,-0.45615619611535785,0.4003099083096733,0.47969053059753036,-0.7337290379210454,0.00884530669694572,21.027104469406375
0.24859491386256316,0.776464307362238,-0.726581708285416,0.2598078568055095,0.43765567353430623,-2.861518370100673,0.3204495138460378,0.5687955544009292,0.8877062567839132,3.712608129955897
5.551980423268247,10.993192788671093,-3.0726046122489605,1.0249216931253993,0.6108449164108543,0.30225821848546125,1.020882821002474,1.494770657218217,1.1221280198349068,15.237970260501797
6.339751116810851,13.00324457897644,-4.893294250737349,-0.16395350002699655,-0.4342004332588856,-0.11335399783980703,-0.5483455378650185,-0.3294063805776467,-0.3435357188256987,15.709436118103099
1.058974037507533,2.1111246791174176,-0.3151237973631832,-0.5809601885314832,0.7903934769661722,-0.05062811305699102,0.041206066781619685,-0.7303051761261736,0.034177715724574294,4.4597315003169795
1.4033959706391264,3.157623765323036,-1.4161632573826552,-2.2757364037217522,0.9795853411559731,0.7065325128978275,-0.061515679604637406,-3.2131452525153392,0.30061480676453645,2.1127377902737106
4.191143193163038,7.8647473293057555,-3.46448856084206,0.6409907193949733,1.291686465658673,-0.07476892156472781,0.7041481416397848,0.9173640292398787,0.5538763202788318,12.898484560014564
9.662319121431818,19.3185959174695,-8.157987685967667,-0.11316840972889723,1.7783209067198225,-1.140206856651158,-1.0251791944441757,-0.14557028190718935,-0.13307644201126692,21.713452870996488
5.960425532343728,11.815506057505878,-6.359365426826503,-1.0126838513881617,-0.8664161386594389,-0.14140267082537805,1.016977048237856,-1.753562846002241,-0.12008524506874427,13.110063598209694
9.330232216002113,18.05251896995216,-8.29099133891041,0.12659671027769356,0.01389820933251119,0.06755548408082447,0.4663287721704166,-0.06830984753281732,1.3798323297543882,22.668572103591597
8.043609156129708,15.305479338325073,-7.521258532892004,-0.5836803568061814,0.011277696618660139,0.11493391158101274,-1.3169250736329463,-0.6447762846192298,1.2095207024428862,18.6459887459171
4.673816015552915,9.69050654874316,-5.088923079213297,-0.5284261311155256,-0.0980735685325076,0.16191936728506806,1.2082628254805003,-0.6591565779099019,0.4774105734360883,11.37598818148703
7.847634492521874,15.519792793934759,-6.995322978596361,0.6062911561087082,-0.6492629196101362,1.0393690449185533,2.2340930807977313,1.046026265688035,1.7191090700229286,19.748396074028584
0.17836783976987736,-0.15440446128391005,0.6522791358130766,-1.3383824113238445,-1.4855620032310715,-1.0860345530341475,1.0018339695494078,-1.92331731236811,-0.386445762226417,1.426558184815907
1.0914399676573494,2.134790466853033,-0.8998136747484922,1.0473152860737585,0.0926794460290038,0.17570045616484992,1.4269847672264693,1.5848339118551236,1.6229734486293805,5.381045931936647
8.294286148827364,17.15258172632938,-5.861090661669187,-1.3976861631184037,-0.7683556595479125,1.289929698618241,0.0853713816025881,-1.8876056774307748,0.5425154435355505,17.038806078240434
7.968170883251617,14.795972843817273,-6.127947160460769,-0.6627014083552638,0.085993480747625,-1.7346114969371953,-1.66150491973851,-0.7135194842260606,3.2710261222145895,17.9168663454157
2.3264074196643367,3.9044954943770103,-1.3915906403023741,1.9229461940665773,-0.7940435416988534,0.17964668078005355,-1.8441204511675249,3.15778769265706,-1.1924819267824778,10.358928392148886
5.307695905990535,10.153948591033435,-4.786694921975173,1.1273547616424222,-1.0996583458443414,-0.5853785019730434,0.25508204386775846,1.6607987676798373,-0.6893452522173416,15.429975236859914
6.060158207000109,12.850905847360382,-4.533755993084485,0.09760399249544019,0.2342983603768977,-0.37071038447310495,-0.59197880772998,0.5625038077158118,0.4187978282005477,15.831463559217338
8.677389537760112,17.496072566979873,-6.504683089763482,-0.9405302155012165,0.15092152680649595,-0.904807503214422,-0.9145762783273513,-1.3422571187321284,0.3972340529789919,18.783215859941436
6.031071573387257,12.445801767005127,-5.170845634050021,-0.5292723066998932,0.579281971320933,-0.16955071570044408,-0.06274668396867535,-0.6041956022801003,1.9501389841750185,13.73940728866324
4.1257156927368035,7.6813509259104915,-2.964848331819743,0.0732753145856964,2.1858637664176253,1.8412556144269043,0.6155852878612882,0.1945393391290085,-0.6683746832995339,11.523770186607674
3.741840434071827,6.923912930508392,-2.6537596921125624,0.03752323233959842,0.2772895312108468,-1.2644303611772136,-1.4527575467621472,0.13038686075464986,0.9049185186938843,10.37665404986915
4.258820863735099,8.741548585831552,-3.7367882636661287,-0.09087092962596285,0.4850817670641296,-1.1696100024788274,-0.4488776202803848,-0.3570319915140402,1.1624630046819957,11.303303582620302
6.519310255799741,13.067757677067206,-5.88910926400239,-0.03083251408418433,-1.0775613288673254,-1.3019345701635046,1.5098706831203152,0.1641564803771713,0.7046478322206475,15.846484880896668
8.674906317523249,17.62418204447856,-7.6504020531575625,-0.2143751097051141,-1.2869074405363745,1.727418286628101,-1.0752883802213746,0.5320256539146205,-0.96099634192432,21.149168870494318
4.538968820762998,8.984102146061769,-3.5792717314575215,-1.4419787356400129,1.5828294467733337,-0.46233970552128695,0.8697611871649563,-2.2754066258970442,1.407758805254198,8.794617407567003
2.478395629513581,5.0958631222544755,-1.786510582337276,-0.5165107421608328,-0.9234797799333037,-0.025639060347674214,-0.4847307615489939,-0.7534676986137647,1.2293249313154138,6.987858194219591
2.3666236299758117,4.812306802404178,-2.368814402255398,0.9146240539868465,-1.043944071468642,-0.4027829411062397,0.5457937598499527,1.2380745016760912,0.5995845197903774,9.103338828107697
7.460142802434464,15.30916929941139,-5.952163037151912,-1.3683342975511175,-0.03909892121655298,-0.9444228784030915,1.0973275072028672,-2.1989074167952567,0.20434768720895413,15.477212912400864
8.165687634239104,16.734879409450443,-6.190227885708193,-0.18955551153927852,-0.09019241337738836,-0.2351506466144354,0.7412817669850216,0.17900157612668405,0.22610801004437128,19.496954917233435
1.0527807985412496,1.2956255998866144,-0.4713102100338192,-0.819753928770844,-0.9025065064432917,2.45824360573656,0.9091596022138765,-1.4315221984745055,-0.07873579223937772,4.282559543286053
0.6655885695517816,0.20754286143313538,0.39865721643206786,0.11135042939811132,-0.3049732187131,1.392070920974255,-1.1515935334079561,0.024801502087258592,0.6407851342526418,4.47432547395646
5.944336637564518,12.38954597395479,-3.9892808107327893,-0.38863318106681816,1.2293757176501043,-0.8529378177922723,1.1136597067412988,-1.0591976187196175,0.031134852944977556,14.170386625856963
1.4617324419269828,3.517327430484934,-1.7701608131955127,1.477393664974669,-0.8059936088317976,0.6475741030616857,-0.8526931146348199,1.9888069800993293,-0.8485249753526413,8.083576964200144
8.246641904563413,15.982972299370157,-5.587161797927918,0.5065831541902538,-1.3936724843661716,-0.8315227726663764,0.2595417655715384,0.24735476339937634,-1.048591644827592,20.2007652135883
3.1033467392407443,5.276775775208675,-2.8012632941260245,-1.3118031657772113,0.9425936208997923,-1.7763676388462208,0.2582461869972269,-1.7781633389022384,-0.7520362536522921,7.199802215752791
1.4387193297114265,2.926956069926453,-0.5240517762964847,0.6712280116136986,0.4922969119380367,1.0195109176646295,0.48512255886958094,1.8467511839717408,0.22213224254945177,6.790281126085001
9.209704724874502,18.88482856292427,-7.326971804268949,-0.774651856262063,-0.6205186206486616,1.1600928466435507,0.33695667606019053,-1.271981422488251,-0.026955836435207322,20.383656322652104
1.6553172273527816,4.209431715922721,-1.5715434089564058,-0.5769963713775336,-1.582167016126918,1.0460522510478993,-0.8438099785247232,-1.3655219369633715,0.21534379328874922,5.821745930053195
2.8472008233793558,5.952550432809437,-3.3623787745684446,0.3138190201071218,-0.7446233564385631,-0.46986524921957273,-1.3498674122957162,0.7407284294896026,0.500813133546111,8.550000103120105
1.5361339519205863,2.886409555548325,-1.3318458676662779,-0.49174741973013475,-0.05470443684927131,-0.16677573400198623,0.8723486799617686,-0.9556986172742492,-0.6273209259168789,4.809314824629396
1.1549006366535497,1.863235962514668,-1.859550450506205,0.8928558163229553,1.165672089883819,0.7497655536581233,0.18583457751891555,1.7290878036504949,1.4656601683453478,5.774825983049771
0.21148016336440034,0.4286859725641279,0.4111954108141431,-0.7745100615133954,-1.036581974869657,0.3914960373481072,1.1493768409578178,-1.2463738066070764,-0.2677108270474744,2.694393934637507
0.5539540916426011,0.9582758313425741,0.4669123209694679,-0.6189465525913632,-0.08451988151147344,-0.3936374712970443,-0.04473293418786798,-1.117964535611879,-0.433426984781509,3.3046500009933886
1.746414709358527,2.985295465852646,-1.8752783610648356,-0.6563708935481088,0.675144659894898,-1.6190718201181646,-1.4051643606769604,-1.0379436070458692,0.4823862373324524,5.7609068363612765
0.5338193262717539,2.092016477975151,-0.24587301550584043,-0.5656387483550389,-2.3812673401219207,0.11387519414201226,0.9661296810041061,-0.6211250942517023,-1.8365102023750728,2.5044314108292154
5.911438161109713,12.71546052325549,-5.164385442092556,1.099191555547813,1.0337861679388998,1.0790096392361133,-0.370370609661107,1.5805611440950225,-0.7905344497229193,17.364137716981215
6.807145267995064,14.182314877767842,-5.822807052478125,0.6287962936103031,-1.1824505722064373,-1.1975882890341571,0.3420034574210212,0.794177029577343,0.981072798691833,17.253059522332904
3.936304568320282,7.412183937736001,-2.684346832337003,1.709943954012071,0.3319954934569346,0.638759381675977,-0.6474594284795192,2.505266450124445,-1.7374219290621107,13.521627971214299
3.179910969520494,6.787331601189628,-2.567051732722443,2.2676442038992546,0.24668314961074406,0.33154169513369264,1.6443017102336905,3.0199097504986163,1.1175741969331559,13.188480575229054
5.045262370222301,10.410337945193552,-2.992421071019234,-1.0307170319323398,1.084586391463845,0.7501482632323336,-0.8765648241831969,-1.4269660672103157,1.5111365663591347,11.050959314648058
8.750049422346086,17.721371656794197,-7.289379025098622,0.07041912732728889,0.5509243808935403,0.8719754997190072,-0.33742975410617465,-0.43038928716253977,-0.36945533782374834,20.332565356426773
8.51131626822206,17.647465169966008,-6.2094512150929555,-1.176200316643433,-2.377290491729981,-0.694465241925353,0.10744870269731638,-1.897536911274804,0.29181276742631007,18.347917948779408
0.43475062012791943,1.1871868116864777,-0.2893524483276664,-0.7776059277482671,-0.7847792471559913,-1.616959400164946,-1.0921823270869582,-0.9385933289731777,1.1190870848510266,4.131828886365792
1.8149840959652408,3.9999753100826494,-0.9745204709256527,-0.6300825102556694,0.13820512935328008,-0.5335195256828793,0.33051952858759515,-0.854209280503689,-0.4667891880435197,5.835406797972991
2.36744871104396,5.053350563774026,-2.1622535632331363,-1.0571548741382744,-0.19497988611978695,0.8891273175270074,1.6119104774674902,-1.4086361393114943,0.8677755205261815,6.9523456861958675
2.493875758322118,5.158147220645289,-2.0248359091886443,-1.0518872728984137,0.47761072975677044,-0.542003903525971,-0.49046216069371046,-1.5973446111632632,-0.6711487951306716,7.012757179892594
5.712326517427727,10.532847469998362,-4.639160541521543,-0.14428437852025486,0.7893665556697054,-0.6940433238576419,0.3951428190317255,0.13449728651527276,-0.47760229333317933,14.39223148532233
4.162624257031923,8.367059052769125,-3.831733674533011,-1.216718418386407,0.6084517364296791,-1.8213503419246384,-2.7494353860385554,-1.547667868548673,-0.7993364643249737,9.005573000668896
0.49254119927593987,0.7069864191273172,0.00321596132829971,0.8421269591376328,-0.21427494255446522,1.752647554550939,-0.03892920048484066,1.3970327399807516,0.3426471991948034,5.778149642667446
3.736141384595716,6.832362290371422,-2.5987637043295546,-0.9177535374175142,-1.8463370111204804,0.8257136414253099,-0.31304228592620537,-1.0983665729322083,1.1579690525655495,8.346597292241137
5.2375294871763725,11.315967284003158,-3.8338907727977576,2.809568970096392,-0.4554812488548173,0.7698959812747644,-0.8184976024103849,4.4394805214656605,-0.18411293211716429,18.489849991335877
1.0167190290371597,2.8979357285171714,0.108804169120859,-0.45138445096439517,0.4163681481389552,0.9677253867794737,1.081450469628532,-0.8089157304506598,-1.2712491599124032,4.456364035736854
8.334585537885598,17.348781375919003,-5.798061549566697,0.07201764191705222,-1.0904472525504776,0.5767083615434017,-0.32624368162382816,-0.29514321063182175,-1.0827068222868157,18.452085764997687
0.5196186646510426,1.1668440377300224,-0.6406617456303153,-1.2953411844660352,0.6312747301215763,-0.24432885517952907,-0.17747748709358746,-1.8169031389462658,0.3945994213705404,1.9259725050871128
9.248418690180621,19.17214994083757,-7.17490356108399,1.7060917581276394,0.9083932972673044,-0.16376410412220166,-0.37719287478907115,2.7229644064408873,1.8441164133942693,24.38294892801417
0.991131415798755,1.9882894218984226,-1.1670655461939314,1.1195006808029162,0.12686697629584257,-0.4275643645921248,-1.9168158717650765,2.0063926185459438,0.39372499931439753,6.543001916282
8.435749515977527,16.972897670403942,-6.734586423113289,0.29691587073611253,-3.063779866312396,2.634740754415,-1.131986440076961,0.1644774235905807,-0.38689655065125267,20.67437574355601
9.026531439276171,17.50632719332135,-7.5810748208922565,-1.3468025487795656,-1.2780883627118034,0.5559120312994426,0.9610934861202163,-2.2921331409524974,0.7661839668502841,18.607846971526843
9.795706805865926,19.789909263981272,-6.864523259211111,0.21066687772462028,1.8861891585560817,-0.46380044135143456,-2.109950646879972,0.4539703964792615,-0.23949863558674636,22.254422741924976
8.020258802735935,16.070710569684078,-6.197988151982971,-1.121431046017255,-0.546537793028378,0.4654967741662798,-0.7663153496157056,-1.7034966656818082,-0.3782852173642064,17.322648334922185
7.794775407713289,14.938224757009346,-6.366637803033285,1.4623552634733608,-1.984143223128996,-1.0108689178563175,-0.3997200562897638,1.6278044120387025,-0.9584591056952636,20.798866544281577
6.424832759955477,12.824066964002656,-4.4236950648505555,0.8091947318531727,1.2352473883102724,1.504506718589227,1.7436218672915653,1.3263245469060163,1.4084488442463559,16.88926544215955
7.78996354578129,15.540062309634175,-7.534340082502279,0.09543903848773612,0.013355591543672855,-0.6610690958071401,0.768603765496369,-0.41256831676508215,-2.5392079174956637,19.33673122261528
1.3455220841314708,3.5898247515852617,-2.2848792242243503,-2.4363756632473224,1.1049404889577255,0.5010854326224657,-0.5571705270530996,-3.9381404604329964,0.7978592002792693,1.6113769858224285
5.360680359476373,11.16846738320945,-3.811041094449234,-0.9834159786590306,0.2769586752193653,1.0659776297431345,1.304513697115551,-1.0696195561305137,-0.4637449377975369,12.402819554630373
5.142228701904145,10.290180123354023,-4.0775018926528945,0.6877611315998724,0.4585591362121688,0.3847685442049928,-0.7405158205011196,1.579105402741943,-0.4103407314516127,14.350084086789911
8.575721441225575,17.27583653735169,-6.710309372824004,1.2128836917231558,0.3630092477145166,0.09446999181963821,1.0090998037340055,1.4546286270431452,1.6923151561178125,21.192410443967844
4.627993655935159,9.278093500922417,-4.498232586739256,1.1091698114921316,0.697488311921,0.010802084856015158,-1.3588772459230156,1.564937256014389,-0.7141310922000513,13.260226937274258
3.850894961003535,7.600332929609296,-3.0946561953130476,-1.5920130022414554,2.2774304485560983,-0.056441096887107134,1.0732578317891572,-2.375232746438571,-0.6800691540284102,8.319725926769202
6.395632712371101,12.250051826048058,-3.9144005236560755,0.30155230681290407,0.9710063359591881,-0.5766984889275022,-0.4061336454709856,0.9866965384938265,-0.13039423891953036,17.23419388430504
2.6646331750084604,5.253740411213456,-1.6371867681292507,1.0155152164829295,-1.580339317845535,-0.44948342976970423,-1.0285042409412697,1.3754121403770738,0.41384738581223823,10.14217408069072
1.3976841095395687,2.4223190907528807,-1.0163233605459676,-1.6583355655822452,0.4466615152789034,1.479590373650935,-0.21714361307631405,-2.630568555283351,-0.4418557822928694,2.4450474581334527
4.778772740237458,8.932387711013343,-4.086450538252929,-0.007904515373236347,1.1414807681032177,-0.10853663268515668,0.27734417972021486,0.45276089447900403,-1.5738589305358854,10.990444674855393
4.16889368594885,8.593398279171469,-3.571858659880717,0.27384239830845625,1.202700806536146,-0.7857962693827731,-0.49474843052571216,0.29832685164720696,-0.8656981808817654,12.115077765862576
2.325699405288737,4.847031140544091,-3.1380782577510002,-0.3007645848467349,-0.42660498305909955,-0.5162975968615086,0.5539535059953238,-0.23448636458016514,1.2813338564645194,7.152145191843272
3.67511810115128,6.456882446618521,-2.7855102283683277,-1.8521618554012016,1.1649444451881277,1.100370680697223,-0.5829938836640675,-3.221385672635531,0.07477678913551145,8.142626403955944
3.663924498262474,7.266506677777385,-2.423849733520867,-0.3256981100737287,0.9277423995512052,0.6756066331644784,0.6203723939313579,-0.5399169883382909,0.45108728370382206,9.398942871058637
3.2749556441254546,7.047761981200871,-3.5653361116027327,-0.327305430255024,2.57251743696973,0.5603291782322569,0.44222206203659953,-0.9888371968804573,-0.2614212071730376,9.234059391797636
3.79464079726929,8.11889346398674,-3.4325627731995216,-0.1480724045477542,-0.7500017362485115,-0.25752119890979147,-0.06092305470793503,-0.5387387411083426,-0.6594976961732696,10.79025971923088
6.8574334545594535,14.227785330561526,-6.180425542987616,-0.5634714254250696,-0.5074005764004252,0.5733624701729451,-0.4413823123659498,-0.5934467315919253,1.677569449875411,15.645927951878061
2.968764745712853,5.956986094876436,-2.9542225134555404,-0.4430121532414673,-0.3061190484599539,-0.643561124950648,0.15154079576526616,-0.6794898471882148,-0.18819185705108066,8.059968476447972
9.488579267153405,18.554635870322233,-7.558774437629584,-0.0397062823469779,-0.4902221500387753,-0.25961403134577454,0.5502537430336992,-0.15529114568635924,-0.44336987952712686,21.930230526335535
9.16348019538178,17.78511097708453,-8.581425449298509,0.4424546049697111,-0.890020749763603,0.9698044873917454,2.0617991527316084,0.43905702026029136,1.0961423663553396,22.26198047149829
4.809104283000786,9.790511018376751,-3.478721163386391,-0.3044267628566672,-2.762675505673743,0.8742776789190644,0.939420421798181,-0.5228369662573856,-0.7223603588673853,12.154401419460616
3.283612050046888,6.756864117276358,-2.1745765980773015,-0.4096489283680019,-0.4346994737231341,-0.9819098459508032,0.9759899498158413,-0.5241394424217948,-0.5947273437739967,9.439748876421516
5.354347898300031,11.352361352402596,-4.434139871462173,0.09235403825445808,0.36935805969990443,-0.8555264529085758,3.0885121948602836,0.43340591932021566,0.010246684016898003,13.616259259348235
8.485604887736246,17.521199600643534,-8.276909016179722,-1.9209159258951816,-0.4932218455059107,0.10870215281340967,0.5159584767678441,-3.668917894071813,0.00027010408817970173,16.425638283898163
6.52587340560102,12.985632482936454,-5.81854990008225,0.4770351272264581,1.9353811835291097,1.7261323746695099,0.4846435113117023,0.4660243385608442,0.2596113479032144,17.755787186098317
8.043918279470773,15.465733619511113,-5.695393463115002,-0.0005630971229588082,0.013375812715862578,-1.9155651644689942,0.7040150743216541,0.04688422697226351,2.091669089395488,18.784675044985885
5.327222760657402,10.494892222809355,-5.928574776963065,0.039693526597561826,1.2910290551841355,0.27833293957050426,-1.0089659775882531,0.029881355107656982,0.33624824635237044,13.429764769352273
6.329176292676207,12.766968182757676,-5.271855081457077,0.960734307594464,0.26142041272996835,-1.3760433315731482,-0.4439016364187562,1.5621143341497135,-2.3780539627508004,17.06655238620802
2.881556141824617,5.662070660954532,-3.013245380540049,-1.9528155300482481,0.826407309893258,-0.6343309935255456,-0.506169266692334,-2.848961209234406,0.3262989434315609,5.867479543403854
7.348931623102908,14.408916192166988,-5.396403117531425,-1.9738338698589637,0.27924155393356226,-0.3644284180642414,0.6476139772195617,-3.0522111636864677,0.03787999448959883,14.543770620173229
2.0240459312571835,4.174534269999317,-2.0243051162918237,0.27380384532351953,1.3687846319035628,-0.4205083434368909,-0.17417456222119868,0.25264980918912616,0.04345002435145766,7.450080682025141
6.947981288184982,13.64398370566466,-5.316012618106619,-0.007116855128515773,0.05593935013240072,-0.5337959396592085,0.1382234254743028,-0.08432572961342394,0.2459473093961707,16.865406177963106
8.60719068325894,16.900348324655194,-6.5464762951056965,0.17017694319193222,0.4961207080887857,0.007207060376370152,1.0874546201484645,0.5998881197347211,-0.028678287674799376,20.557056444816183
1.3210283730154393,2.7977831631825985,0.04491280542566045,-0.46212707517244556,0.3663329336500437,-0.5352555666305784,0.8631507387041388,-0.9127929926303826,-0.052612093055389005,3.7701224037785517
6.143797405419198,12.086598520773794,-5.03680309054058,0.6643536742399312,-0.2882854581273188,-1.4624573848541527,-0.16172100304124704,0.9776884944167101,0.6130442097707861,17.22456347570222
0.9509574822993461,2.023967159087868,-0.5351393640659101,0.93263884299112,0.4049823189246768,0.7798696125227764,-0.6699950968782225,1.4539609286862063,-0.542080797194501,6.227229072318093
7.257156282714269,14.6509145768546,-6.696758313647877,0.48398229395152703,2.234386246197682,0.7528721671488805,1.1352747316531886,1.1940787198896279,-0.9476863356391756,18.530597316079323
0.8449321882352023,1.1201498759246173,0.03830238738808456,-0.26082845840458313,-0.270396942095442,0.843174310022669,0.7738911809098658,-0.48133516507776863,3.023781452622391,3.6095710180965184
9.35939822700626,18.478175892079815,-7.943823890447827,-2.107689387614403,0.4194648928532483,-1.5407344962640819,-1.6062568182953822,-2.873892084618316,-0.7158574437812334,18.32176224196629
1.3740793003780216,3.4670470707142744,-1.4357159387550646,0.7692362080371281,1.2577789508694428,0.29891815258415083,-0.3131539389082808,1.5234481330351988,0.10014291246007646,6.565854979651529
9.588802459090804,18.596565161814464,-7.684390644182169,1.2217286662175928,1.1402532809442802,0.6759788558069234,0.1655154620167624,1.8134667198291947,-1.4956602508753674,24.74505979976227
8.008841760850967,14.959356297216667,-7.344804015884683,0.64455841198398,0.011716417719365251,-1.031202068439585,0.7788297171210313,0.9036219242529413,0.11646841505142191,19.69161433625996
5.936820044663541,10.942717512705826,-4.61219401837347,-0.8796424273675065,-2.3833887029573617,0.009173248182129144,0.9101014949397712,-1.4181797426657248,-0.9332255506893351,13.933216441745868
7.826241046295469,15.667037065879272,-5.68051307328137,0.6737943936677578,0.5167028186484662,-0.11626664531036575,0.2839060011754735,0.933944650228862,-0.44247294285001093,19.337963456755975
7.951148389830859,15.917755418678068,-6.185158417766313,0.8605297079614455,-2.2194742586230527,1.8421506585682637,0.585247531358856,1.547066520115218,1.0450646657711238,19.966781871776913
9.460270628173303,18.861735828634046,-8.521555041045879,1.5588162477990857,1.469937230941231,1.924496037012573,0.06413680237815363,2.407527364875283,0.47200956837807373,24.135990545444894
2.533833538391872,5.674761991247995,-2.1013524073112935,-0.8761099242279576,0.16947387119326057,-1.6643563933302008,-0.6738516881805606,-1.2435779735909755,0.5684095245748191,7.3954247538564575
5.900758953583091,10.465100690614713,-4.275389821078779,-0.22645458454413847,0.999674019871989,2.4939270057279894,-0.261264391041254,-0.6772489299301582,-1.7712048383918628,13.516909700834915
0.9504919756440122,2.0989508885034365,-1.8871868400947545,0.7472720511434552,-0.9021111381810512,-0.9152257211533239,0.018991186640108272,0.8306610535026123,1.8368951698290128,5.36406025036599
6.161657000241213,13.104033101384212,-5.5741852084836,0.05741007143815779,-1.5525074733000543,0.9806732943274258,-0.034679250018589874,0.7291491545903307,-1.191881310941875,14.435776524794756
1.712913040927888,2.861935699409919,-0.8444042702933985,-1.1173276020512748,0.2607543841411672,0.9704979808637308,-1.8855729044434706,-1.729339120663519,1.528560814293865,4.206083618898139
5.649506114724419,11.10910897355389,-4.357547631261164,0.414616285026703,-0.03360343995614198,-0.9956902268418067,-0.3974833349294312,0.38949282886654646,1.0215438659814862,14.515136631392838
5.7243051403384975,11.072164322062685,-4.3322611629947465,0.5786616338151667,-0.4915408261571657,0.493267793839099,0.05620565308915186,1.297322200399539,0.5773327417846801,14.509362104354551
4.659851529812274,8.872530036585783,-2.6121843392758324,0.08796289633100199,0.08466128073276377,-0.10753374426606396,-0.281369991905701,0.21648690910156862,-0.8549847809083815,12.084573530813715
5.226317755131228,10.289504507750936,-3.899922537001261,0.21958492717994416,2.76743589203226,0.5543300046323907,-0.24682379551158573,0.5028238658292727,0.15158984481952292,12.774655660565665
7.6392339000658795,15.992210441974011,-5.716654313792796,-0.25870590168573016,0.8345255473690577,0.2306723023806257,0.4879913708045874,-0.4294729751130553,-0.4709214106448598,17.381414585719323
7.992447165120666,16.903587667985093,-4.767510415765537,1.4782789357160593,1.049498605863319,1.196339485370247,-1.0789571870486339,2.121816476401048,0.029039571505291815,21.802522933770522
4.921532155754291,9.67509469898851,-4.065508459457727,-0.9006921837126766,0.8439368915533556,0.07539954314606226,-1.6280422139512112,-1.401914187318202,-0.24987225908555988,11.693820071080118
5.995934415226123,12.94439893748448,-5.275477190351995,-0.5873207627637789,1.4794621438521929,-0.16787406942631122,-0.3481697908366748,-1.2958025952352563,-2.0386105065724083,14.204621522392841
9.31236235690102,18.64251295229435,-7.193212046572536,0.010985513527525621,-0.1900716729007449,1.0960642330571804,0.7641144055017897,-0.00989995253468081,1.121784150984588,21.13981370595377
1.1973358850112281,3.271517283372997,-0.6944740903756456,0.8789540277008926,-2.0547613076752937,0.5803959648586033,1.6875530394866385,1.4072409646641242,-0.08110715654936117,5.945060332051433
1.171035659001105,2.2954219931754642,-1.252857762368609,-1.4973731700945367,-0.1885861330060098,0.7318133943208879,0.78212823909474,-1.6909207849886787,-0.484800399502237,2.526433525093265
0.8770901191076841,1.8197091512384402,-1.3211103070190557,-1.3102967497654392,0.8117357099965018,-0.6645866722585968,-1.4682637598688473,-1.9396454051465941,-0.5603272328297677,2.767130200119202
6.5786328504052785,13.340002937131974,-3.8769996270701768,-2.037728507734718,-0.9698003951150737,-1.045262781398474,-0.23236723937677117,-3.756845874265168,0.3584595763667682,13.534761329071813
4.186083007903795,9.961592855491357,-3.1527603240902224,0.03269522525327079,-0.17636595048933035,-0.5677221432527015,0.2566343810815294,0.02084720804451976,-0.8937563382944722,11.872392562255156
7.743214161418432,15.912071110259259,-6.633942557975991,-1.1183058172065439,-0.6917697430023131,-0.6208213856805886,0.1775911169235922,-0.8556074858773242,-2.2551755584740434,17.124275778268714
6.7123141330859255,13.07099600119612,-4.8202931251009815,-0.3845501100179167,1.5020292518431304,0.7861992686529143,0.539304552942874,-0.3169152945313632,0.40712980320827613,15.479024669111004
3.3363775832823817,7.1572541017026925,-2.734589157562706,0.661378189891708,0.7494570154065637,0.9759840502940518,-0.9170489464607607,0.7488006016949854,0.5191029979568217,10.677097367604318
8.983665473615357,17.786414678688544,-7.338661246682985,-0.6415427207828466,0.651540620643959,-0.15513028953240038,0.06494308755074261,-0.7849821268451028,-0.1996318246776329,19.84434560103782
7.625321470706523,15.005767849962442,-5.762893453416522,0.23128202274336457,0.6216013131209713,1.4309190188243524,0.420322829776129,0.12431900664812479,-1.1479028751900089,18.49697109378072
2.705349409101757,5.86499949814957,-2.9394088882204197,-0.29933790775172203,-0.037249252552126945,1.3684693937651298,0.8256709533036595,-0.8551491174916404,0.08893554088928533,8.980255905055838
3.6419201777205403,7.299383149326657,-2.701959819826129,0.6721143150964368,0.1975562825275035,0.24339891640053923,-0.805718166612792,0.9036606636744337,-1.4645323683135887,10.41101170958393
3.1443998020426287,6.428087561341161,-1.3677469569950518,0.4751280673480088,-1.1851845805323176,-0.82189177154304,-0.345156867242898,0.7401500327936715,-1.0272305966876594,9.88415329714614
1.5761164862499966,3.1592255834326393,-0.9811865916816108,-0.69193369617461,-2.1864419787505676,1.5753766494355401,-2.7038176800733402,-1.5995471949919335,-0.7506979365041612,5.720206881836156
1.4778337254219165,3.1239590141465503,-1.4079942426076117,-0.16865175340045263,0.15008113034502407,-0.06101735102840823,-0.6214619675777742,-0.5977254172622697,0.8439390708915561,4.969744073226385
9.361274633757441,18.93503221623296,-7.793282875262898,1.0437433977204944,0.3239902562721444,0.1261651964309746,-0.524414892971043,1.568715765535448,-0.3626109504369171,22.9662906514625
4.379040371987532,7.789597277622357,-3.7494362815970916,0.393376870254097,1.2092645684253776,-0.33960502560656863,-1.019584508167443,0.4676133525844593,-0.4478664117764606,12.08362680057239
3.8331982277740986,7.999682789852964,-3.2189361890479478,-1.3969620577511315,1.5713358160823676,-0.8897903262971976,0.1656121502326517,-1.97699970528287,1.9546925154112462,8.459308507894509
7.296857086773779,14.102704463632408,-6.0641695890739875,0.6556180611713827,1.5699984849989468,-1.4686394303152919,-0.05594543204526823,0.6190265935645056,0.3524624971887139,17.77916268550153
5.529930652528999,10.338711737278292,-3.8741576573784595,-1.0846106224362382,-0.9980235932938778,0.6328683235572881,-2.2592138775776114,-1.412681809088367,0.33899451047482604,12.73058840157266
9.361399868384622,18.6935941148399,-8.529045356633087,1.412513069961006,-0.3522650349497693,-0.7834010538966204,0.21550796930175647,1.7636418758234502,-0.3697007452087749,24.174712982967325
7.803014939093922,15.648020379845072,-5.725211921027857,1.024098839841025,0.48033429588137955,3.0595312289968235,-0.9283241307890274,2.0289685503428263,-0.5963716676367777,20.396365800458355
4.793695641245403,9.240638200204666,-4.06276842808186,0.2898854759184008,2.5319046777421774,-1.086073582612479,0.48568895919051513,-0.07989927143589381,-2.1864064400171506,12.587032659222867
3.763594734808262,7.942705398450512,-2.784707116429386,0.1572328434361934,1.480099203713916,-1.25738247498137,-1.2818512477286654,-0.09191701596073365,0.9687405319235582,10.80629413016446
9.86631544924322,19.061543315300987,-8.569245105515096,-0.20903225602742,1.1193971619983802,0.5101387156134412,0.03000653853094012,-0.18833714313158123,0.44830970575637913,21.969362394660767
7.177602360036435,14.15173284568659,-4.944903247919486,0.6785239514000281,-0.3877879555492906,1.5293134789672953,-0.2831633288865059,1.5170559025493335,-0.17916599321341334,18.206692316787155
9.511946600038412,18.731456132610322,-6.8621763039276065,-0.37077816946206166,-0.8831996311551246,0.06458965694322165,0.30310188495033036,-0.4616543433582412,-0.13722670183625574,22.544459909469172
1.1847857721704136,2.3462779091711576,-0.3720743022862867,0.23556987063989387,0.7889078833832395,0.5722424201872743,0.12469727765134685,0.5222121820145581,0.7361442622610551,5.770774039098796
8.505336791907826,17.150105726139273,-7.713122299002385,0.8719343665194511,-1.10066126423436,-1.8435474174587096,-0.25516417502145444,1.3131626202810942,-1.554710073079853,20.724811845601245
6.370738839912075,12.237531205012377,-4.599118429290029,-0.5618065435255897,-0.23843635098030264,-0.6775115456917667,-1.5362723140442447,-1.1506293515229424,-0.5898813315538055,14.988935534867723
1.2192167833511258,2.800574905430366,-0.7324603740994753,-0.6161927399906946,-0.11477794900192263,-1.073615729137567,-1.4772079634610316,-1.0713306144578556,-1.1363028628925305,3.838246493684555
5.882579999692207,11.796661183551764,-5.669226748033306,-1.194365480724459,1.592912089122808,-1.895045849947881,-0.583886939092219,-2.1551211370810717,1.7715092824867462,12.37410658204022
6.8609636510544885,12.775954175453021,-5.50334935110608,-1.0644727461261723,-0.35469730295967755,0.11698023402388695,-0.00827988392958697,-1.9803221095223198,0.8756555318533007,14.604656614945323
0.12302685888602838,-0.7332420024264588,0.1202992063111348,-1.8283953114415024,-2.4392496385726155,-2.2428276216104335,-0.608247947199117,-2.62206829136633,-2.2026926411353642,0.28130602451196146
4.543179618417465,9.080199590370274,-3.300898530440082,0.7298287890155296,0.5044446476624683,-1.3221959660874487,0.6252119305794656,0.7577897888969058,-1.5137616266399756,13.649586918152824
8.253995111963212,16.397506565033247,-6.4968392694012564,1.8089145420827708,-0.6990218531039264,-0.537193794013418,-0.2792209192116837,2.8092380151411644,-0.1323456733574863,22.510561136059
2.9535902534408986,5.85547045009448,-2.188133352644291,1.4253289434703056,0.042631024437746814,-0.8312858359510763,-0.9650127247795103,1.747446589539129,-0.4724402120724247,11.30667158621092
4.585480817985511,9.156970407705913,-2.7842178190365514,-1.6260844886265164,-0.08670470084212364,0.3964085022070677,-0.27809629298790933,-2.350211826904748,-1.3243822080768883,9.182372620235975
4.423141270678932,8.959062461112953,-2.8028926705967376,0.7248546715562,-0.2737039958177683,0.30558019190248,0.22585983631655238,0.9406772366454111,1.9447622376504894,12.66290737097434
3.019273914424916,6.512372633773982,-4.135652103809579,1.4221063499235564,0.7903405817847039,0.8937987459354568,0.3248847188245844,2.555144184980528,0.3125399139825792,11.307707907176761
9.184418955155543,17.813285459852306,-7.537998297027044,-0.456809980738664,-1.5328648783527072,0.7523837327126781,1.8783791319931293,-0.5880993024342765,0.4748163228630915,20.369462946508882
7.812940354315159,15.03989491217992,-6.349142899978498,0.10144743065004946,-0.5170142249543602,1.1408127893613809,-0.6689093400034194,0.5229060138733166,-0.6920149492322138,18.638868634454845
1.105884109961105,1.6651062909785188,-1.9359664316050667,-2.0078930508046704,0.6840379131173813,-0.0019184000090541567,-0.07347866159040038,-3.2385335911345634,0.7222741471780024,2.4206079899801782
9.97034657837573,20.085151490335814,-7.919767427761197,0.2667361679766415,-0.6140847753443682,0.3034669008166697,0.4261239468194264,0.4169472540382124,-0.3804327609820118,23.16641106811577
8.792000243077453,18.206474175478128,-6.284345531015659,-1.0635597294347174,-1.6088067092699718,0.5115137019191913,-0.023422959200815323,-1.8896657415869595,-0.2833431737074994,19.101690686553845
2.83908437864039,5.462499038161025,-2.9232082186666664,0.19963501791151453,0.6685553432567358,0.1416566973910257,-0.5006181459886532,0.17537095404394637,0.6110019598252598,9.773985512157836
8.368965796609382,15.487081671138938,-6.4933320740735825,-1.5612029221888803,1.123094630441539,-0.3971943099170739,-1.5492571763442435,-2.4204356501067092,-1.6289975650602997,17.310197810441945
1.0641953187138287,1.2763942061224696,-1.4008503413489257,0.5428582244775959,-0.04499520764300634,-0.3324425343397702,-0.5108345590530156,0.5965298705102521,1.5970278598509826,6.532346879003653
9.991047304742386,19.565576248086767,-8.395985058001715,1.0245126754266898,-1.9608455984695325,-0.8175583983299655,-1.073702412717801,1.1721181554863263,0.1823892147238758,24.798548656278484
6.656847361065369,13.03483027838313,-4.439041708350274,-0.7831798617151676,0.7059697466988162,0.4216168299098296,-1.7266066811237784,-1.5988249896685471,1.2809442087804244,14.405303932814602
6.50125015558797,12.798305997548576,-5.52653481653747,-1.1369225814104345,-1.659887881419688,-0.09401517408515554,-0.7956788416705864,-2.4073083068278707,-1.0754197566188184,13.746047924428526
0.9044072698413275,1.8281051011731135,-0.44619832246668717,-2.156023042549981,0.3087992768481657,-0.6631737506367649,-1.0470917207664545,-3.550938502876009,-0.9231651240281931,1.157982034322735
8.970333988966253,17.784794812521284,-8.298998060809595,-0.26641353407517704,-0.8874638247421598,-0.6622448193245927,0.5837865452929482,-0.21137213211121222,-1.1619002215998122,20.11363021835335
0.28999503204469423,1.104659869361092,0.8853945112011727,-0.5815939342816051,-1.1598392857669653,-1.2103987277827886,0.6010918374142937,-1.3519404610263925,0.2502976726648389,2.662454289613574
2.4082805804114704,4.478552507982257,-1.565032996545277,-1.5510194123480547,-0.4419100170796902,0.9788413412371997,-0.9038792895808748,-2.7369659723980737,0.06598330191824608,5.79735406634177
1.43021875166635,2.4292785235949284,-1.2536749069232371,0.45301875631217164,-0.18329755642725984,0.07861766953178756,-0.2602286305631211,1.216797705838132,-0.4644118192311805,7.167544846153318
7.767679406922186,15.774796583104603,-5.868815619537813,-0.44997038186464916,-0.6442082503864482,-0.8628000195732701,-1.8582426621125354,-0.86590438775145,-1.0140691928852794,18.014490785409937
1.9820422721289788,3.196263509294898,-2.431525475071869,-1.0757359586452324,0.5887032782151507,0.8085477496020183,-0.4943399501826941,-1.5172901352183978,-1.2665962697308424,5.127640828263504
9.106382271308853,18.407610395277707,-6.575587371995488,-0.5545724056404471,-0.44606937845883377,-0.560448809794373,0.3989819007023456,-0.6391634645105222,-0.04848390047065598,19.339785312342098
6.5626903932749014,13.176657378412937,-5.44454317991778,1.0713045389296156,0.980190871671822,-1.4065006270122327,0.8249378896141027,1.8057146473288075,-0.4655867795886001,17.767632382652895
0.36162710494696215,0.6495329649348406,-0.41174339298663054,0.6029369437552222,0.28117316564347944,1.021222289219133,-0.7130470816913138,0.4477111464504155,-0.6856069923582623,4.640544722374254
0.054298341287004614,0.9027347361486404,-0.3384320420088943,-0.13002606149848983,-0.697557206596308,-0.5370969895661131,1.0518548605275198,-0.2643569962175818,1.5470894861316096,3.0050219670957534
0.5165791701439892,0.7220546176406195,-0.7616541777625422,0.6191050184648526,-0.8659398838322859,-0.4088990902087895,-1.5156919215134717,0.4431893468417612,-0.08232567819273391,6.0149360168369235
6.059251776477277,13.148652638216593,-4.430599054204777,-1.160911956386739,-1.6474962990474387,0.04118002034917748,-1.2476277991437925,-1.0074725769070114,1.2700429339269252,13.997433891470981
8.014818108594152,15.916920492574254,-6.258310376812789,0.03237010072703053,0.2907331778668224,1.1425892227901149,0.7096618656378763,-0.4299074281141342,-0.5332521826826966,19.470721827403842
2.385528206273885,4.132548190062656,-1.5173736801772841,0.14732233048647056,-0.3545875472513581,0.020037290866311695,1.6711212285632473,-0.09336856993124021,0.24477628379865687,7.511001343241675
8.494088429230729,17.02313664895887,-6.800547557075927,-0.4698365084987269,-2.3721955280635143,-1.1991171261452302,0.4934319881836954,-1.0169350192005417,-0.055476016256334894,19.026924721114995
0.5723194015326039,0.6065162029058236,-0.1499356345797745,0.43545833595741784,-0.5357148727694001,0.5438770041121802,-0.040342386534012425,0.2041893609192627,-1.6976223095181227,4.750404003537083
8.009638536416762,15.643399148926775,-6.659020075488433,-0.7804334546444512,-0.901034029254952,-0.48498972426172404,-2.1951837465222086,-0.7648720090397132,1.4283383062639128,17.460923328861668
9.277954301722804,18.754425253453356,-6.084524336532515,0.5098207077761179,1.5756775921706603,1.8879239715294662,-2.0224470560434793,1.4914654319892255,-0.13515360703241588,22.570871927602344
7.721083991043805,15.719959026412674,-7.117625442693344,0.5518587715312919,-1.7027786118933097,-0.0011197219978901704,0.12940953689586895,0.6850634215031527,0.7464182196329605,19.4484105639924
6.9812078397863715,13.651331829445613,-4.828403877691307,-2.917159880697066,-1.4413507997340538,-2.235035497898666,-0.35806266957117455,-4.771866765098922,-0.7520287224615594,12.042521961999798
8.379802186553832,17.253306945630865,-5.883097278810483,1.1903057035101177,1.1099696431056998,0.357364972155674,-1.105835182152118,1.1143809056473701,-0.16484438157976464,22.143471282920903
0.4015129954706642,1.3817798699518953,-0.8325056799558876,-3.047632565352754,1.3567631574639631,1.9445977922602284,0.06553258083005072,-4.644681463585762,-0.8668523599233547,-0.717267690183373
2.017821107190554,4.753793092662753,-0.2766927194188591,-0.6160490255561253,-0.7449829387256415,1.5759202885453896,0.11513136750780958,-1.0189831652826211,1.2359984827633934,5.247033102675794
1.2492367930564308,2.7631802896757227,-0.40209526467795376,1.025348034257755,-0.6320858228089109,1.8309542887565653,0.9444158685402726,1.3426332134785892,0.3114093474506757,7.010824208327009
5.0453099019298655,10.77233415990258,-3.4535645174501455,-0.31728672525244067,0.6162353965533128,-1.0197601853814635,0.13660228301270078,-0.4095175116857925,0.36705352668088814,12.755292943942523
7.451881283288445,13.963363352589862,-5.944691714415231,-1.466185982469542,-2.32709979694531,0.9121523959767788,1.2283943683343845,-2.0807270308596673,1.358184147104979,16.19087977359045
6.300118445763987,12.441283617213742,-5.170430451542395,-1.0937370617166706,-1.8611936845055561,-0.7219945397367117,0.007994029548813363,-1.5436806151936355,1.156341296899023,13.79089309738966
8.51131099761935,16.58911936707699,-6.934694094319246,1.0269057463206197,-0.28073340085071186,0.2242893994169245,-0.11533499480733611,1.4455211578903835,0.7653425361362853,21.976949748443236
1.5521299244109088,3.1638727793855135,-1.0073855817370168,-1.9215045305486382,1.549890566129126,-1.2729524287397325,1.0643121862471823,-3.2127433446952356,-1.4217273470374627,3.3155740463839676
7.346210919351615,14.406697229104863,-5.036256970460955,1.1289911009620173,-0.4357300881667396,-0.6444557648827163,-0.9784408800414345,1.8932365807850404,-0.6956791195166836,18.728381185627466
1.930414908689041,3.777750896403216,-1.435543396234381,-0.05510209904228934,0.10093679173515462,-0.6762466973636153,2.8144474532661614,-0.07889902073697487,-1.0038881360113527,6.070593282073391
2.7075875131780025,6.35626246645803,-2.712936184424776,-1.1923953304424335,1.133789272564012,0.8985552801426162,0.3752574781667358,-1.522085738213255,0.7275336936257992,7.187861965767029
7.0990469728130385,14.113234047415888,-5.184581340819443,-0.5831150723026911,2.106884733278146,0.8007191216696554,0.3808292528376731,-0.6376499436123673,0.1706519417500514,16.921413426362925
9.802047848986819,19.810991856568744,-7.28894783135258,-1.0172243411016413,-0.5768484731483126,0.2768197293308208,0.5250959739725976,-1.9523651323665967,-1.3905124336305947,21.23971380152354
6.115436059770696,12.114737454579274,-4.499553130747885,0.8662252008585286,-0.016836723733426057,-1.3504214180553855,1.8771364753316424,0.869071139050512,-0.18874421301122754,17.2780632814192
0.545003149912956,1.1278629438043288,0.011296823984624782,0.7324278097628383,1.8220552213428425,-0.31163943394972,0.7925074116726066,0.8719794990220988,-1.4941123357187784,5.716952938990973
6.163089699275329,12.329187738768693,-5.093028637514948,-1.7191611338760466,-1.5221992751914284,-0.746116482942726,-1.6050559790039236,-2.8956213233012704,-0.05315648806975988,13.089252062476447
0.42350551580167095,1.0711730645899216,-0.8961979129196844,-0.4035921185193341,1.0275810705538218,0.869675756694491,1.4034703847675043,-0.3788126449861709,-1.6553725039871847,2.7859671094575047
8.841457113668172,18.265567995109933,-7.594081749319005,-0.8631856623442771,-1.0183155323612583,1.1781848528171845,-0.3408965794450173,-1.1893855907200404,0.5288274933846129,20.253850109336103
7.0957828510062075,15.01526270081408,-6.657904229879682,1.2935099684593703,0.10247236710315673,1.056385586030883,0.10715507283932346,2.2700201508246485,0.37796262603407355,19.39998137080561
1.7312784642250323,3.617366969404648,-1.242853604452456,-1.350099118126421,-0.24261904740027426,-0.7552194194170205,-1.2792539721752665,-1.906202631966356,1.9079484933468815,4.244488863954622
0.9172100582419807,2.129193559501762,-0.7838373165295407,1.604229104685014,-0.9580116007012293,-2.739533122289479,0.5262020181238957,2.4689385315895316,0.8478732894973424,6.906628770858834
1.8353322888031898,3.095232323013596,-1.7322584537603771,-0.033294739516937566,-0.9831019276582751,-1.7669618981300543,-0.6513742900675522,0.3099768248278447,-0.42291425582250275,6.749114359087901
9.800271795541924,19.556605219876037,-9.613588731040583,-1.1619344063800876,0.2764143642537545,1.4216269780822084,0.10016963799347375,-1.6019834076496169,0.818070093274486,20.02211243909449
4.585606424584898,9.64135758161159,-4.41687562148442,-0.6772741840092779,0.9955393281626821,-0.4012549393198239,-0.284099005360783,-0.9954809869826012,-1.3976638809451785,11.50513821083231
7.84080948341408,16.114603286036736,-5.6001431958893635,-0.8016188407684506,-0.1297362031885032,-0.7507246182651125,1.9250128017358519,-0.7582923509734701,-0.9624726036810854,17.002405298328473
6.364083421077769,12.833971708553063,-5.490042336900094,-1.274618402015506,0.07011315873321637,1.642660293436234,1.9822603001455896,-1.877373338077422,0.33314253207511,14.001543293544422
5.724131499586374,11.891459978956725,-4.362950193074995,0.09482685973037566,0.5711740662910472,1.2651599454883269,0.046513170214741384,0.05093810812018702,-2.1582496627479273,14.329693120089232
1.451302546650497,3.1479884477979034,-1.9954532953055513,-1.2279155506918433,-0.9716187730129598,0.02444872191978665,0.06397771136885474,-2.09322030367106,-0.037160784933883036,3.928522410900878
9.460244535580951,19.520642200291565,-6.704972339049223,-2.1803662087381888,0.739692508412923,-0.2934030910639739,-0.37344296634951507,-3.0596416753936597,-1.0202632921184207,18.27148482167209
3.0134263251471793,6.171532228772914,-2.4971576561505495,-0.3796764708481731,0.819343097059747,-0.13210121281312523,1.1060062915027862,-0.198399543719519,0.10130705515326355,8.376723228431699
5.7801721580754215,11.382495158365325,-4.450113488570216,-1.8028561964178826,2.60362629875041,0.22716279838746606,-0.32891987033337716,-2.719460515056853,-1.0777363580472634,12.800749794532695
6.997759445890662,14.163439520247834,-4.202739681583519,-0.7521608680675204,-0.3761041905595823,1.600047281319608,-0.4213372746456993,-0.735866614967329,0.42424813745518875,16.559807403204363
6.492331552453089,11.51936591697979,-4.284001181608829,-0.9091028886033559,-0.4580818016681276,0.4224674242372267,0.9785928636649645,-1.9546588424965066,0.01932742366738962,14.798248249498872
9.405944096955185,19.003331062102895,-7.708694650336383,-0.8712160720258142,0.7689658715737455,0.7260290330391413,-0.5382990953166494,-1.3234601204810956,1.4003659168813305,20.492416953089172
1.48438989920058,1.144573385793768,-1.5434440302826795,2.0009631015901537,0.8191041689121383,1.1692701090701714,-0.03775503444853058,2.9894161787538995,0.006734534101622121,9.392325046132832
5.083527384469421,9.305323065236133,-4.2621489144872555,0.05641156716957076,-0.535087153376712,-1.169676001024419,-1.5813107815109928,-0.13348096096784795,-0.7686428049614663,13.816657316746976
4.04034390740766,8.306572115285812,-2.926336176840207,0.24537100899533215,-0.40316267693004887,0.7548618924740429,0.7041903451231669,1.0832148248875602,-0.2468858558272829,11.033835137204553
4.741687294826181,9.72213925828576,-3.8564843164114677,-1.7763982963422946,0.5411308382180404,-0.29456875466161137,1.9408669391818687,-2.6844552343200703,-1.3442363970167315,9.780057711322819
1.1921752619774462,1.803136133884927,-1.19088669658404,-0.6539631336369219,-0.8275842407346614,-2.516095195772766,0.7212253727997919,-1.1032639319367128,0.40613725470544,3.4924267087154695
1.3409460987276534,2.325841176515837,-0.19244812855669735,0.21530262994151197,-0.4105339880150149,-2.128169541985812,1.461799167547305,0.3307425789423195,0.5898502463152723,6.566397197498022
2.7807554578125737,6.246781409932213,-2.293130301316761,-1.0245289129130064,0.08959276736843465,-1.0181176115186856,-0.8461021361773309,-2.137637490927258,2.469196036692818,8.057229675106065
3.047046037608313,5.852077009430287,-1.0578833742642588,0.9080628435179854,0.9959386848222581,0.5312232285925814,0.2363242820282007,1.1341338876735036,-0.6218359906044048,10.496227652805146
4.2790321368135,9.679524429828493,-3.3687801711994965,-1.2026965859010301,-0.6045986161795408,0.11379956534029644,-0.9431599243693896,-1.5090728880179238,-0.2677945736751827,8.691514332323946
6.1098754703662825,12.218791014144392,-3.81670933975819,-0.2863661358651756,-1.842384462030672,0.184366707175664,-0.22776554558134285,-0.6182328102775958,-0.5757585244382156,15.094646995223316
6.34629117418263,12.896600436805894,-4.862641285719728,-0.5860516399755586,-1.916597467518211,1.950943482686692,0.7722114773525048,-1.1277400088034195,0.21211370113122407,14.361460305327382
4.118108965855702,9.04465513096071,-2.716710828734893,0.16432065938191598,-1.2594130667061334,-1.2690896148598123,0.10182061310329862,0.6393386800271941,0.38169053447961365,11.151024199952047
4.087831094286971,8.24117574667065,-3.7050315063402115,-0.640490071855426,-1.3131677181999373,-0.027433354183723595,-1.4126410226012216,-0.5586587874975903,-0.05337484442851077,10.528215275686305
2.1762852669696198,3.851398543593839,-2.253283747128143,-0.27089362707093734,-0.15461075861990903,0.3044355228138156,-1.3150291055377534,-0.25124329895806347,1.0863259168730321,7.073507156089196
5.8830624840900825,11.71126124233302,-4.430626414263074,-0.23613009177798555,-1.188880153597605,-0.7362731165383355,-1.3811639314907738,-0.49073033787857845,-0.6169795037547775,14.167875442843885
3.170409113172379,6.3230128582497125,-1.9431953450587138,-0.734387757391301,-0.7027549598212041,0.028326745082940964,0.4914525899395903,-1.1734229556218485,0.9861740478907121,7.914433773956975
0.360598342773637,0.038825859446491306,-0.2643247730186319,0.48509386849711267,-0.7740858849820498,-1.599949334084345,2.0638945356566682,0.48639581427318135,0.5384978536410825,4.511755515903359
4.184000441568604,8.240084847466797,-4.119036354305102,0.23838837483742528,-0.4405078608479934,1.4099062172750279,1.3624582440002129,0.059150626547544494,-0.012029919898946523,11.520850669137161
4.741326750901703,9.11155745480469,-4.609216420494959,-0.0886139452531673,1.3225043315231224,-0.6816145525304338,-1.8959851991460643,-0.44624586437228064,-0.31493664075714545,11.795114017122152
2.25592868204211,4.974036242677936,-2.6610247869454327,-0.4304583334619581,0.6619475894305167,2.031400164778503,1.421075938069784,-0.8311038222284994,2.4266677587313694,6.699888273152102
5.724579331221157,11.466464599534941,-5.640236732740554,0.796544030519997,0.016129415276003874,-0.03247432391745505,0.9364004170146472,0.884399748574572,-0.8170086507420794,15.813771019849902
5.657719004319209,11.174040134064633,-4.460483987787115,-0.23583424381418136,-0.4610262805808381,1.0280535653991831,-1.5452999455287577,-0.8228629012842167,0.29793317696841465,13.87263490950733
7.020021811103714,13.98695265689614,-4.9409910958581555,-0.3066972878259372,-0.4332326566230212,-0.05330286899115438,-0.3032016167104975,-0.3942251308127341,-0.7502190702421325,15.873243391344428
6.4794848220121,13.070530653227284,-5.191637329764566,0.10469002988812601,0.3277464699519495,-0.03074383226052982,1.0955224114958095,0.22741371910022012,1.7856207486213058,16.61053699954416
6.524330565210316,13.357068230265522,-6.5757133065709645,1.6965866829708507,0.5841690733522902,-0.5840293332220078,0.5504335109347853,3.0551178519847713,0.8868263287992036,17.22413543640524
3.162141518240431,5.824426922146172,-2.644169490793074,-1.340356208021204,-0.9076175061006004,0.11912392936627762,-1.3090950523879856,-2.211035822538217,-0.6783498788411441,7.090566146934838
7.874322219859539,15.227850623408441,-6.397137173867196,0.7698568930553547,0.03648075561423148,0.31799869441404743,0.6107421557961942,1.2436155164700131,0.5125949934312284,19.593330552025154
5.491443835996794,11.535227279694853,-3.135555818662172,-1.893171161238105,-2.031619568663027,-0.7842585089151799,-2.1375005960805877,-2.7459429680747167,0.2576957212765554,11.217220369072137
4.314181951798901,8.422195467495436,-4.325628309190854,0.21727315822862395,0.21171378417059702,-0.1250444158598842,-0.22282217575721136,0.249758469005276,-0.5166247619747387,12.235104544842105
6.260124809410571,11.811828572522705,-5.242506409087974,1.5750828276087308,0.762149241958686,-0.6100988660571137,1.1379567694000488,2.585924318037999,0.7581642172281733,18.446256264364756
3.606573344502543,7.435053043696638,-1.8617470672752963,0.48866852446730713,-0.2800686268808754,2.2996640696148387,0.018394215571319834,0.9655715427561751,0.38930539110441015,10.589947039029967
5.127392446067582,10.486469795151509,-3.831926952046137,0.1706250785397928,1.8165269961401054,-0.08973076991161853,-0.4989375499619459,0.3541609463689512,0.21569871388595227,13.804013678611595
